edad;peso;talla;sexo;provincia
18;66.4;163.5;HOMBRE;CASTELLÓN
18;68.7;172;HOMBRE;CASTELLÓN
24;76.7;170;HOMBRE;ALICANTE
17;55.6;160;MUJER;CASTELLÓN
16;46.6;163.5;MUJER;CASTELLÓN
15;58.6;166.5;MUJER;ALICANTE
15;58.5;164;MUJER;CASTELLÓN
19;69;158.5;MUJER;CASTELLÓN
25;55.2;174;HOMBRE;CASTELLÓN
34;76;181.5;HOMBRE;CASTELLÓN
26;59;164;MUJER;CASTELLÓN
25;47.7;156;MUJER;ALICANTE
25;65.4;157.5;MUJER;CASTELLÓN
48;73.4;168;HOMBRE;CASTELLÓN
36;80.1;171;HOMBRE;ALICANTE
45;88.9;171;HOMBRE;CASTELLÓN
43;62.5;166;MUJER;CASTELLÓN
39;55.5;156.5;MUJER;CASTELLÓN
35;67.9;161;MUJER;CASTELLÓN
47;70;154;MUJER;ALICANTE
62;78.7;158;HOMBRE;CASTELLÓN
54;67.1;164;HOMBRE;ALICANTE
50;70.5;161;HOMBRE;ALICANTE
59;86.4;174;HOMBRE;CASTELLÓN
57;91;166.5;HOMBRE;ALICANTE
63;76.9;160;HOMBRE;ALICANTE
63;;;MUJER;ALICANTE
63;77;159;MUJER;ALICANTE
53;70.1;158;MUJER;CASTELLÓN
61;64;164.5;MUJER;ALICANTE
54;57.2;148;MUJER;CASTELLÓN
71;70;160;HOMBRE;CASTELLÓN
79;57;159;HOMBRE;ALICANTE
73;83.2;167;HOMBRE;ALICANTE
80;80;160;MUJER;CASTELLÓN
89;59.9;143;MUJER;ALICANTE
69;66;151.5;MUJER;CASTELLÓN
76;53.1;152.5;MUJER;ALICANTE
15;93;181.5;HOMBRE;ALICANTE
15;53;168;HOMBRE;ALICANTE
20;;;HOMBRE;ALICANTE
22;76.6;169.5;HOMBRE;ALICANTE
22;65.1;172;HOMBRE;ALICANTE
15;89.5;171.5;HOMBRE;ALICANTE
17;62.2;172;HOMBRE;ALICANTE
15;67;170;HOMBRE;ALICANTE
17;57;176;HOMBRE;ALICANTE
15;56.6;168;HOMBRE;ALICANTE
19;68.5;187.5;HOMBRE;ALICANTE
17;60.8;171.5;HOMBRE;ALICANTE
15;56.3;173.5;HOMBRE;ALICANTE
15;58.5;173;HOMBRE;ALICANTE
21;65;173;HOMBRE;ALICANTE
18;61.2;166;HOMBRE;ALICANTE
17;58.1;168.5;HOMBRE;ALICANTE
21;65.2;176;HOMBRE;ALICANTE
21;65;173;HOMBRE;ALICANTE
16;76.3;190;HOMBRE;ALICANTE
21;65.8;178;HOMBRE;ALICANTE
18;79.7;189;HOMBRE;ALICANTE
20;68;175.5;HOMBRE;ALICANTE
18;62.8;175;HOMBRE;ALICANTE
20;76.8;189;HOMBRE;ALICANTE
21;71;176.5;HOMBRE;ALICANTE
20;63;172;HOMBRE;ALICANTE
18;61.4;168;HOMBRE;ALICANTE
15;62.3;167;HOMBRE;ALICANTE
15;66;171.5;HOMBRE;ALICANTE
24;68;170;HOMBRE;ALICANTE
22;74;174;HOMBRE;ALICANTE
20;65.3;169.5;HOMBRE;ALICANTE
15;75.8;175;HOMBRE;ALICANTE
22;70.3;170;HOMBRE;ALICANTE
17;73.3;174;HOMBRE;ALICANTE
23;89.1;180;HOMBRE;ALICANTE
16;70.7;162;HOMBRE;ALICANTE
24;85.7;175;HOMBRE;ALICANTE
24;64.4;161;MUJER;ALICANTE
16;57.2;156.2;MUJER;ALICANTE
22;75.2;165;MUJER;ALICANTE
21;;;MUJER;ALICANTE
23;65;154.5;MUJER;ALICANTE
24;43.3;154.5;MUJER;ALICANTE
22;54.7;155;MUJER;ALICANTE
23;42.8;151.5;MUJER;ALICANTE
18;52.4;164;MUJER;ALICANTE
18;47.7;162;MUJER;ALICANTE
15;49;166.3;MUJER;ALICANTE
17;47.8;160;MUJER;ALICANTE
19;45.2;155;MUJER;ALICANTE
20;52.3;168;MUJER;ALICANTE
17;59.6;172;MUJER;ALICANTE
18;53.3;161.5;MUJER;ALICANTE
17;49;158.5;MUJER;ALICANTE
22;46.5;156;MUJER;ALICANTE
24;49.8;155;MUJER;ALICANTE
23;52;160.3;MUJER;ALICANTE
21;56.4;162;MUJER;ALICANTE
23;52.4;157;MUJER;ALICANTE
17;53.1;159.7;MUJER;ALICANTE
17;60.4;170;MUJER;ALICANTE
21;52.4;159.5;MUJER;ALICANTE
21;80;180.3;MUJER;ALICANTE
16;62.3;168;MUJER;ALICANTE
17;64.5;161.3;MUJER;ALICANTE
16;53.1;156;MUJER;ALICANTE
20;57.5;160;MUJER;ALICANTE
19;58.5;163;MUJER;ALICANTE
21;67;160;MUJER;ALICANTE
20;63.8;164;MUJER;ALICANTE
17;64.4;163;MUJER;ALICANTE
23;67.7;171;MUJER;ALICANTE
19;65.9;163;MUJER;ALICANTE
21;58;156;MUJER;ALICANTE
17;61.2;156;MUJER;ALICANTE
20;72.7;164.5;MUJER;ALICANTE
20;71.6;161;MUJER;ALICANTE
16;71.5;166;MUJER;ALICANTE
33;62.5;171.5;HOMBRE;ALICANTE
34;70.3;179.5;HOMBRE;ALICANTE
29;89.2;173;HOMBRE;ALICANTE
33;51.3;156;HOMBRE;ALICANTE
32;69.3;168.1;HOMBRE;ALICANTE
34;71;174;HOMBRE;ALICANTE
32;77.8;179.5;HOMBRE;ALICANTE
32;82.2;184;HOMBRE;ALICANTE
34;80.6;174.5;HOMBRE;ALICANTE
25;80.4;177.5;HOMBRE;ALICANTE
32;67.4;157.5;HOMBRE;ALICANTE
33;78;174;HOMBRE;ALICANTE
32;80.3;173.5;HOMBRE;ALICANTE
33;78.3;165.5;HOMBRE;ALICANTE
31;76.4;159;HOMBRE;ALICANTE
33;89;169.3;HOMBRE;ALICANTE
29;65.1;166.5;MUJER;ALICANTE
27;63;158;MUJER;ALICANTE
28;61.5;170;MUJER;ALICANTE
33;54.6;164.7;MUJER;ALICANTE
27;51.2;145;MUJER;ALICANTE
30;61.4;161;MUJER;ALICANTE
33;81;153;MUJER;ALICANTE
34;64.4;156.5;MUJER;ALICANTE
32;60.5;156;MUJER;ALICANTE
29;77.2;165;MUJER;ALICANTE
26;52.8;167;MUJER;ALICANTE
27;48;162.5;MUJER;ALICANTE
25;45.6;156.5;MUJER;ALICANTE
27;57.2;163.5;MUJER;ALICANTE
33;53.8;163.3;MUJER;ALICANTE
32;50.6;160;MUJER;ALICANTE
25;51;159.5;MUJER;ALICANTE
27;51.4;153.6;MUJER;ALICANTE
28;53.7;155;MUJER;ALICANTE
30;58.4;163;MUJER;ALICANTE
33;50.1;152.3;MUJER;ALICANTE
31;49.8;150;MUJER;ALICANTE
31;59;159;MUJER;ALICANTE
25;51.3;153.5;MUJER;ALICANTE
28;59;158.5;MUJER;ALICANTE
26;59.5;159;MUJER;ALICANTE
33;59.6;157.5;MUJER;ALICANTE
28;55;156;MUJER;ALICANTE
30;64;167;MUJER;ALICANTE
30;64;160;MUJER;ALICANTE
34;68.3;162;MUJER;ALICANTE
30;76.6;160;MUJER;ALICANTE
33;94.4;160.1;MUJER;ALICANTE
32;65.2;164;MUJER;ALICANTE
37;75.8;175;HOMBRE;ALICANTE
45;49.9;160;HOMBRE;ALICANTE
48;;;HOMBRE;ALICANTE
47;;;HOMBRE;ALICANTE
38;71.4;167;HOMBRE;ALICANTE
49;58.7;167;HOMBRE;ALICANTE
39;77.6;182.5;HOMBRE;ALICANTE
48;78.3;170.5;HOMBRE;ALICANTE
46;90.5;172;HOMBRE;ALICANTE
36;66.4;173.5;HOMBRE;ALICANTE
44;66;174.3;HOMBRE;ALICANTE
38;77.6;180.5;HOMBRE;ALICANTE
37;71;179;HOMBRE;ALICANTE
36;72.8;173.5;HOMBRE;ALICANTE
49;77.5;172;HOMBRE;ALICANTE
48;73.6;165;HOMBRE;ALICANTE
36;71;167;HOMBRE;ALICANTE
35;78;175;HOMBRE;ALICANTE
40;65.7;163.5;HOMBRE;ALICANTE
47;72.4;169;HOMBRE;ALICANTE
42;75.1;171;HOMBRE;ALICANTE
43;76.4;162.5;HOMBRE;ALICANTE
45;69.5;162;HOMBRE;ALICANTE
48;62.4;155.5;HOMBRE;ALICANTE
45;75.5;168.5;HOMBRE;ALICANTE
42;96.4;180.5;HOMBRE;ALICANTE
35;90.6;172;HOMBRE;ALICANTE
46;90;161;HOMBRE;ALICANTE
49;112.2;177;HOMBRE;ALICANTE
48;113.8;157;HOMBRE;ALICANTE
47;62.6;157.4;MUJER;ALICANTE
46;48.4;154.5;MUJER;ALICANTE
45;56.6;159.4;MUJER;ALICANTE
45;94.8;153;MUJER;ALICANTE
46;74;158;MUJER;ALICANTE
40;66;162.5;MUJER;ALICANTE
40;84.2;165;MUJER;ALICANTE
42;50.3;154;MUJER;ALICANTE
41;55;153;MUJER;ALICANTE
47;75.4;154.5;MUJER;ALICANTE
44;62.2;151.5;MUJER;ALICANTE
45;87.8;154.5;MUJER;ALICANTE
39;;;MUJER;ALICANTE
48;61.5;143;MUJER;ALICANTE
40;69;162;MUJER;ALICANTE
35;53;150;MUJER;ALICANTE
49;78.8;158.5;MUJER;ALICANTE
43;80;158;MUJER;ALICANTE
42;65.5;154;MUJER;ALICANTE
45;67;156.5;MUJER;ALICANTE
45;71.4;160;MUJER;ALICANTE
48;58.1;166;MUJER;ALICANTE
35;53;158;MUJER;ALICANTE
47;49.4;152;MUJER;ALICANTE
42;54.6;162;MUJER;ALICANTE
46;54.5;159;MUJER;ALICANTE
37;58.5;160.5;MUJER;ALICANTE
46;59.5;166;MUJER;ALICANTE
39;54;158;MUJER;ALICANTE
42;65.8;170.5;MUJER;ALICANTE
39;58.1;159.5;MUJER;ALICANTE
37;57.5;160.3;MUJER;ALICANTE
49;56.5;157.3;MUJER;ALICANTE
40;55.6;154;MUJER;ALICANTE
37;63.4;162.3;MUJER;ALICANTE
35;58;158;MUJER;ALICANTE
41;55.5;154;MUJER;ALICANTE
40;62.9;151.5;MUJER;ALICANTE
40;67.5;163;MUJER;ALICANTE
35;67;164;MUJER;ALICANTE
42;61.3;158.5;MUJER;ALICANTE
43;67.5;165;MUJER;ALICANTE
41;76.1;170.2;MUJER;ALICANTE
47;67.7;160;MUJER;ALICANTE
49;60.8;154;MUJER;ALICANTE
39;73.5;166.5;MUJER;ALICANTE
44;66;155;MUJER;ALICANTE
49;61.9;150.2;MUJER;ALICANTE
39;68.4;159.5;MUJER;ALICANTE
48;78.7;165;MUJER;ALICANTE
46;76;155;MUJER;ALICANTE
60;55.5;163;HOMBRE;ALICANTE
61;81;168;HOMBRE;ALICANTE
51;;;HOMBRE;ALICANTE
51;;;HOMBRE;ALICANTE
54;72.1;168;HOMBRE;ALICANTE
58;66;159;HOMBRE;ALICANTE
51;81;157;HOMBRE;ALICANTE
55;55;163;HOMBRE;ALICANTE
57;66.3;170.5;HOMBRE;ALICANTE
53;71.5;173.3;HOMBRE;ALICANTE
52;64.3;163;HOMBRE;ALICANTE
64;66.5;173;HOMBRE;ALICANTE
55;64.5;162;HOMBRE;ALICANTE
52;74;164;HOMBRE;ALICANTE
64;71.3;170.5;HOMBRE;ALICANTE
58;93.8;185;HOMBRE;ALICANTE
63;84.3;181.5;HOMBRE;ALICANTE
62;76;169;HOMBRE;ALICANTE
62;86.8;174;HOMBRE;ALICANTE
61;65.3;160.1;HOMBRE;ALICANTE
56;80.4;167;HOMBRE;ALICANTE
59;86.6;173.5;HOMBRE;ALICANTE
62;87.5;163;HOMBRE;ALICANTE
59;85.9;171;HOMBRE;ALICANTE
64;82;165.7;HOMBRE;ALICANTE
60;91.8;166;HOMBRE;ALICANTE
55;92.3;171;HOMBRE;ALICANTE
58;77.5;161.5;HOMBRE;ALICANTE
57;118.5;184.5;HOMBRE;ALICANTE
56;95.4;151.8;HOMBRE;ALICANTE
59;89.5;162;HOMBRE;ALICANTE
50;62;156.5;MUJER;ALICANTE
54;43.2;145.5;MUJER;ALICANTE
60;73.7;147.5;MUJER;ALICANTE
63;108;166.5;MUJER;ALICANTE
64;61.8;155.5;MUJER;ALICANTE
53;59.3;155.5;MUJER;ALICANTE
56;60.2;150;MUJER;ALICANTE
52;;;MUJER;ALICANTE
50;;;MUJER;ALICANTE
58;58;160;MUJER;ALICANTE
53;92;153.5;MUJER;ALICANTE
62;79;155.5;MUJER;ALICANTE
55;62.5;152.5;MUJER;ALICANTE
63;79.4;158;MUJER;ALICANTE
54;62.6;152;MUJER;ALICANTE
56;67.2;156.5;MUJER;ALICANTE
50;48.4;165;MUJER;ALICANTE
64;56.5;167.5;MUJER;ALICANTE
59;57.6;157.3;MUJER;ALICANTE
56;50;149;MUJER;ALICANTE
58;63.3;161.5;MUJER;ALICANTE
54;68.5;165.3;MUJER;ALICANTE
50;62.2;155;MUJER;ALICANTE
51;66;167.1;MUJER;ALICANTE
63;65.8;160;MUJER;ALICANTE
54;56;152;MUJER;ALICANTE
59;76;166;MUJER;ALICANTE
55;75.5;165;MUJER;ALICANTE
52;71.2;162.5;MUJER;ALICANTE
51;65.5;159.5;MUJER;ALICANTE
55;60.7;153.5;MUJER;ALICANTE
52;66;155.3;MUJER;ALICANTE
57;74.4;157.5;MUJER;ALICANTE
57;71.2;155.5;MUJER;ALICANTE
64;63.9;148.5;MUJER;ALICANTE
64;73.5;162.5;MUJER;ALICANTE
53;71;150;MUJER;ALICANTE
59;89.7;162;MUJER;ALICANTE
50;95;162.5;MUJER;ALICANTE
53;75.3;150.5;MUJER;ALICANTE
53;98.2;160;MUJER;ALICANTE
65;74.7;160.5;HOMBRE;ALICANTE
65;82.5;173;HOMBRE;ALICANTE
72;64;161;HOMBRE;ALICANTE
73;65;169;HOMBRE;ALICANTE
80;76.2;150.5;HOMBRE;ALICANTE
81;78.5;155.3;HOMBRE;ALICANTE
72;74.5;167.5;HOMBRE;ALICANTE
84;55.6;171.5;HOMBRE;ALICANTE
84;;;HOMBRE;ALICANTE
66;44;156;HOMBRE;ALICANTE
69;60.4;168;HOMBRE;ALICANTE
75;71.6;163;HOMBRE;ALICANTE
65;69.4;168.1;HOMBRE;ALICANTE
75;70.5;167.3;HOMBRE;ALICANTE
73;72;169;HOMBRE;ALICANTE
68;81.5;176.5;HOMBRE;ALICANTE
65;71.9;164.5;HOMBRE;ALICANTE
76;71.4;168;HOMBRE;ALICANTE
73;78.9;167.5;HOMBRE;ALICANTE
69;76;170;HOMBRE;ALICANTE
72;78.8;164.7;HOMBRE;ALICANTE
67;84.1;167.5;HOMBRE;ALICANTE
75;104;178;HOMBRE;ALICANTE
72;80.3;151;HOMBRE;ALICANTE
78;104.5;165;HOMBRE;ALICANTE
66;89.2;154;MUJER;ALICANTE
72;49.8;147;MUJER;ALICANTE
70;85.6;146.5;MUJER;ALICANTE
70;57;145.5;MUJER;ALICANTE
74;66.1;149;MUJER;ALICANTE
67;75.5;148.5;MUJER;ALICANTE
78;68.9;145;MUJER;ALICANTE
71;72.5;161.2;MUJER;ALICANTE
72;65;161.1;MUJER;ALICANTE
66;67.5;154;MUJER;ALICANTE
67;;;MUJER;ALICANTE
79;54.5;140;MUJER;ALICANTE
87;;;MUJER;ALICANTE
69;72.6;158;MUJER;ALICANTE
70;36.8;139;MUJER;ALICANTE
66;58.6;143;MUJER;ALICANTE
74;82.3;153.2;MUJER;ALICANTE
79;58.7;150.3;MUJER;ALICANTE
78;71.3;157;MUJER;ALICANTE
82;46.5;143.5;MUJER;ALICANTE
70;63.5;157;MUJER;ALICANTE
89;60;151;MUJER;ALICANTE
74;56;143;MUJER;ALICANTE
76;80.5;146.5;MUJER;ALICANTE
70;79.4;166;MUJER;ALICANTE
83;68;149;MUJER;ALICANTE
80;72.2;145.3;MUJER;ALICANTE
70;71.3;151.5;MUJER;ALICANTE
76;;;MUJER;ALICANTE
83;81.3;144.5;MUJER;ALICANTE
70;94;151;MUJER;ALICANTE
68;62.8;156;MUJER;ALICANTE
73;62.6;155;MUJER;ALICANTE
76;31.7;148.5;MUJER;ALICANTE
81;57.2;153.5;MUJER;ALICANTE
73;58.8;153.5;MUJER;ALICANTE
72;63;168.2;MUJER;ALICANTE
83;57.5;154;MUJER;ALICANTE
66;64.5;160;MUJER;ALICANTE
68;68.5;162.4;MUJER;ALICANTE
82;69.9;165;MUJER;ALICANTE
65;53.7;139;MUJER;ALICANTE
85;71;154;MUJER;ALICANTE
71;82;164.2;MUJER;ALICANTE
67;69.3;153;MUJER;ALICANTE
69;66.6;153;MUJER;ALICANTE
68;68;150;MUJER;ALICANTE
71;65.7;143.2;MUJER;ALICANTE
65;168.8;149;MUJER;ALICANTE
22;71.6;167;HOMBRE;CASTELLÓN
18;99.6;172.6;HOMBRE;CASTELLÓN
18;65;171.1;HOMBRE;CASTELLÓN
15;50;170.4;HOMBRE;CASTELLÓN
18;61.3;169.5;HOMBRE;CASTELLÓN
19;60;169;HOMBRE;CASTELLÓN
19;54.6;166;HOMBRE;CASTELLÓN
15;66.3;175;HOMBRE;CASTELLÓN
18;69;174;HOMBRE;CASTELLÓN
15;71.6;172.5;HOMBRE;CASTELLÓN
15;70.8;170;HOMBRE;CASTELLÓN
17;72.8;174;HOMBRE;CASTELLÓN
16;84;193.5;HOMBRE;CASTELLÓN
19;76;176.5;HOMBRE;CASTELLÓN
21;73.8;174.5;HOMBRE;CASTELLÓN
20;74.5;178;HOMBRE;CASTELLÓN
18;76.1;179.5;HOMBRE;CASTELLÓN
21;75.2;175.5;HOMBRE;CASTELLÓN
23;75;177;HOMBRE;CASTELLÓN
19;75.6;183;HOMBRE;CASTELLÓN
23;75.6;174.5;HOMBRE;CASTELLÓN
17;77.5;182;HOMBRE;CASTELLÓN
21;83.2;184;HOMBRE;CASTELLÓN
24;84.5;185;HOMBRE;CASTELLÓN
18;82;174;HOMBRE;CASTELLÓN
24;78.2;177.5;HOMBRE;CASTELLÓN
23;114.6;182.5;HOMBRE;CASTELLÓN
19;59;171;HOMBRE;CASTELLÓN
23;;;MUJER;CASTELLÓN
24;53.2;160.5;MUJER;CASTELLÓN
15;71.3;165;MUJER;CASTELLÓN
15;47.9;156;MUJER;CASTELLÓN
24;40.8;156;MUJER;CASTELLÓN
15;56.6;165;MUJER;CASTELLÓN
18;44.5;158.3;MUJER;CASTELLÓN
15;51.1;164.8;MUJER;CASTELLÓN
15;56.8;170;MUJER;CASTELLÓN
20;66.2;164;MUJER;CASTELLÓN
15;51.7;160.8;MUJER;CASTELLÓN
18;54.7;163;MUJER;CASTELLÓN
23;53.8;160.5;MUJER;CASTELLÓN
21;57.2;162.2;MUJER;CASTELLÓN
20;56.8;157.5;MUJER;CASTELLÓN
17;56.2;159.5;MUJER;CASTELLÓN
21;55.7;155;MUJER;CASTELLÓN
24;60.5;162;MUJER;CASTELLÓN
24;79.8;174;MUJER;CASTELLÓN
22;65.2;181;HOMBRE;CASTELLÓN
26;;;HOMBRE;CASTELLÓN
25;58.7;190.3;HOMBRE;CASTELLÓN
34;65.2;169;HOMBRE;CASTELLÓN
29;66.7;170;HOMBRE;CASTELLÓN
26;75.4;180;HOMBRE;CASTELLÓN
25;81.4;184.5;HOMBRE;CASTELLÓN
25;74.6;179.5;HOMBRE;CASTELLÓN
32;65.2;174;HOMBRE;CASTELLÓN
26;73.4;171.5;HOMBRE;CASTELLÓN
33;74;167.3;HOMBRE;CASTELLÓN
29;77.4;168.5;HOMBRE;CASTELLÓN
32;69.2;167;HOMBRE;CASTELLÓN
25;76.2;169;HOMBRE;CASTELLÓN
32;84.3;172;HOMBRE;CASTELLÓN
31;93.6;183;HOMBRE;CASTELLÓN
32;85.9;172;HOMBRE;CASTELLÓN
33;87.8;166.5;HOMBRE;CASTELLÓN
30;98.2;167;HOMBRE;CASTELLÓN
30;58.4;170;MUJER;CASTELLÓN
29;55;165;MUJER;CASTELLÓN
31;61.2;170;MUJER;CASTELLÓN
25;49.8;160;MUJER;CASTELLÓN
26;62.6;170.1;MUJER;CASTELLÓN
30;58.7;160;MUJER;CASTELLÓN
32;50.6;148;MUJER;CASTELLÓN
32;55;154;MUJER;CASTELLÓN
29;57;157;MUJER;CASTELLÓN
25;67.7;161;MUJER;CASTELLÓN
27;69.6;165;MUJER;CASTELLÓN
33;66.8;156.5;MUJER;CASTELLÓN
33;71.8;165.5;MUJER;CASTELLÓN
34;67.5;150.5;MUJER;CASTELLÓN
25;69.2;157.5;MUJER;CASTELLÓN
27;68;164.2;MUJER;CASTELLÓN
43;74.6;181;HOMBRE;CASTELLÓN
36;76.4;185;HOMBRE;CASTELLÓN
44;74.4;173;HOMBRE;CASTELLÓN
48;54.6;149;HOMBRE;CASTELLÓN
35;75.2;165.5;HOMBRE;CASTELLÓN
35;89.2;188;HOMBRE;CASTELLÓN
45;72.9;165;HOMBRE;CASTELLÓN
45;80;171;HOMBRE;CASTELLÓN
46;77.6;170.5;HOMBRE;CASTELLÓN
38;86.3;172;HOMBRE;CASTELLÓN
49;78.8;165;HOMBRE;CASTELLÓN
44;73.2;162.3;HOMBRE;CASTELLÓN
47;84.9;176.5;HOMBRE;CASTELLÓN
36;73.3;163;HOMBRE;CASTELLÓN
35;79.7;169;HOMBRE;CASTELLÓN
45;81.6;170;HOMBRE;CASTELLÓN
38;84.9;173.2;HOMBRE;CASTELLÓN
45;79.6;165;HOMBRE;CASTELLÓN
46;103.6;180.5;HOMBRE;CASTELLÓN
45;124;179;HOMBRE;CASTELLÓN
47;88.4;153;MUJER;CASTELLÓN
43;55.6;155.3;MUJER;CASTELLÓN
39;49.2;156.5;MUJER;CASTELLÓN
37;52.5;150.3;MUJER;CASTELLÓN
37;60.1;158.5;MUJER;CASTELLÓN
35;56.2;159;MUJER;CASTELLÓN
45;51.6;152;MUJER;CASTELLÓN
44;58.3;160.2;MUJER;CASTELLÓN
42;60.6;164.5;MUJER;CASTELLÓN
48;59.7;158;MUJER;CASTELLÓN
40;60.4;155.5;MUJER;CASTELLÓN
40;65.4;161.5;MUJER;CASTELLÓN
42;63;160;MUJER;CASTELLÓN
44;60.5;155;MUJER;CASTELLÓN
38;67.4;164;MUJER;CASTELLÓN
42;65.9;162;MUJER;CASTELLÓN
39;68.1;163.2;MUJER;CASTELLÓN
44;76.6;166;MUJER;CASTELLÓN
46;66.8;155.3;MUJER;CASTELLÓN
41;65.6;158.5;MUJER;CASTELLÓN
38;69.8;155;MUJER;CASTELLÓN
49;70.9;155.5;MUJER;CASTELLÓN
44;63.8;150;MUJER;CASTELLÓN
38;80;156;MUJER;CASTELLÓN
58;76.7;165.5;HOMBRE;CASTELLÓN
63;79;167;HOMBRE;CASTELLÓN
58;63;160;HOMBRE;CASTELLÓN
53;74.6;167;HOMBRE;CASTELLÓN
61;79.4;169.9;HOMBRE;CASTELLÓN
58;84.4;174;HOMBRE;CASTELLÓN
51;75;166.5;HOMBRE;CASTELLÓN
59;79.8;170;HOMBRE;CASTELLÓN
58;90;179;HOMBRE;CASTELLÓN
56;61.3;154.9;HOMBRE;CASTELLÓN
52;81.3;167;HOMBRE;CASTELLÓN
51;88.7;173;HOMBRE;CASTELLÓN
59;90.3;172;HOMBRE;CASTELLÓN
64;80.5;160.5;HOMBRE;CASTELLÓN
50;97.6;181.5;HOMBRE;CASTELLÓN
54;101.6;180.1;HOMBRE;CASTELLÓN
53;92.9;168;HOMBRE;CASTELLÓN
53;108.4;146.5;MUJER;CASTELLÓN
59;83.8;160;MUJER;CASTELLÓN
61;69.2;153.5;MUJER;CASTELLÓN
53;75;162;MUJER;CASTELLÓN
61;64.4;150;MUJER;CASTELLÓN
64;85.2;152;MUJER;CASTELLÓN
64;88.9;153;MUJER;CASTELLÓN
60;72;152.7;MUJER;CASTELLÓN
60;77.9;153;MUJER;CASTELLÓN
56;71.3;161;MUJER;CASTELLÓN
61;58.2;162.5;MUJER;CASTELLÓN
51;59.9;150;MUJER;CASTELLÓN
55;73.8;168;MUJER;CASTELLÓN
60;61.4;159.6;MUJER;CASTELLÓN
54;81.4;150;MUJER;CASTELLÓN
93;39;158.5;HOMBRE;CASTELLÓN
74;77;166;HOMBRE;CASTELLÓN
74;59.3;164.2;HOMBRE;CASTELLÓN
66;72.2;175;HOMBRE;CASTELLÓN
74;65.1;166.2;HOMBRE;CASTELLÓN
73;72.9;172.4;HOMBRE;CASTELLÓN
71;80;171.5;HOMBRE;CASTELLÓN
66;70.9;168.3;HOMBRE;CASTELLÓN
73;70.7;164.8;HOMBRE;CASTELLÓN
68;97.6;167.5;HOMBRE;CASTELLÓN
71;56.2;151;MUJER;CASTELLÓN
74;51.4;148;MUJER;CASTELLÓN
75;54.7;153.5;MUJER;CASTELLÓN
77;53.9;152;MUJER;CASTELLÓN
84;70.6;150;MUJER;CASTELLÓN
78;50.5;160;MUJER;CASTELLÓN
74;64;162.4;MUJER;CASTELLÓN
81;62;150;MUJER;CASTELLÓN
18;86.4;173.5;HOMBRE;ALICANTE
17;;;HOMBRE;ALICANTE
24;61.5;168;HOMBRE;ALICANTE
21;80.2;176;HOMBRE;ALICANTE
15;56;168.5;HOMBRE;ALICANTE
21;71.6;174;HOMBRE;ALICANTE
17;56;170;HOMBRE;ALICANTE
15;56.1;173;HOMBRE;ALICANTE
17;50.4;159.7;HOMBRE;ALICANTE
15;63.8;178.5;HOMBRE;ALICANTE
19;67.5;172.2;HOMBRE;ALICANTE
17;66;179.5;HOMBRE;ALICANTE
15;63.2;178.5;HOMBRE;ALICANTE
23;75.6;177;HOMBRE;ALICANTE
19;74;185;HOMBRE;ALICANTE
21;85.4;186;HOMBRE;ALICANTE
20;72;172;HOMBRE;ALICANTE
19;71.8;176.5;HOMBRE;ALICANTE
18;83.4;175;HOMBRE;ALICANTE
22;91.4;188.5;HOMBRE;ALICANTE
17;90.9;176.5;HOMBRE;ALICANTE
18;51.2;161.5;MUJER;ALICANTE
21;54;153;MUJER;ALICANTE
24;53.3;158.5;MUJER;ALICANTE
16;52.5;158;MUJER;ALICANTE
15;;;MUJER;ALICANTE
18;61;158;MUJER;ALICANTE
18;54;162.5;MUJER;ALICANTE
23;51.5;151;MUJER;ALICANTE
18;43.4;155;MUJER;ALICANTE
15;52;159;MUJER;ALICANTE
17;54.8;157;MUJER;ALICANTE
20;51.6;156;MUJER;ALICANTE
23;56.5;165;MUJER;ALICANTE
18;56.4;160;MUJER;ALICANTE
17;54.5;159.5;MUJER;ALICANTE
19;55;151.5;MUJER;ALICANTE
18;57.5;160;MUJER;ALICANTE
20;61.7;152.5;MUJER;ALICANTE
16;86;163;MUJER;ALICANTE
27;73.3;189;HOMBRE;ALICANTE
28;96.8;181;HOMBRE;CASTELLÓN
25;60.8;161.6;MUJER;ALICANTE
27;65.6;154;MUJER;ALICANTE
27;45.9;162.5;MUJER;ALICANTE
28;51;154.5;MUJER;ALICANTE
29;88.6;160;MUJER;ALICANTE
34;53.2;154;MUJER;ALICANTE
30;57.6;160;MUJER;ALICANTE
27;57.3;161;MUJER;ALICANTE
31;65;159;MUJER;ALICANTE
31;59.5;156.5;MUJER;ALICANTE
48;77;168.5;HOMBRE;ALICANTE
41;75.8;167;HOMBRE;ALICANTE
46;69.1;171;HOMBRE;ALICANTE
49;57.7;162;HOMBRE;ALICANTE
43;79.6;170;HOMBRE;ALICANTE
45;71.1;161;HOMBRE;ALICANTE
44;89.5;174;HOMBRE;ALICANTE
36;89;179.5;HOMBRE;ALICANTE
49;89.7;170.5;HOMBRE;ALICANTE
39;102.7;172;HOMBRE;ALICANTE
47;70.2;153;MUJER;ALICANTE
48;57.4;158;MUJER;ALICANTE
47;66.2;147;MUJER;ALICANTE
46;91.2;162;MUJER;ALICANTE
49;66.2;151.5;MUJER;ALICANTE
41;65.1;153.5;MUJER;ALICANTE
46;70;160;MUJER;ALICANTE
37;61.8;158;MUJER;ALICANTE
42;64;167.5;MUJER;ALICANTE
39;55;154.7;MUJER;ALICANTE
40;72.6;150;MUJER;ALICANTE
47;69.4;157.7;MUJER;ALICANTE
39;83.2;162;MUJER;ALICANTE
49;75.9;147;MUJER;ALICANTE
45;83.8;150;MUJER;ALICANTE
64;63.6;154;HOMBRE;ALICANTE
53;70;170;HOMBRE;ALICANTE
56;73.6;174;HOMBRE;ALICANTE
59;67.3;156.5;HOMBRE;ALICANTE
51;75.5;163;HOMBRE;ALICANTE
51;84.2;173;HOMBRE;ALICANTE
57;73;162.3;HOMBRE;ALICANTE
51;83.9;177;HOMBRE;ALICANTE
55;77.8;157;MUJER;ALICANTE
52;78;150;MUJER;ALICANTE
60;73.4;154;MUJER;ALICANTE
60;62.5;142.5;MUJER;ALICANTE
52;79.6;150;MUJER;ALICANTE
54;80.4;158.5;MUJER;ALICANTE
54;67;158;MUJER;ALICANTE
50;89.5;158;MUJER;ALICANTE
62;102.9;156;MUJER;ALICANTE
63;80.1;164.4;MUJER;ALICANTE
50;68;154;MUJER;ALICANTE
63;67.4;159;MUJER;ALICANTE
56;74.6;160;MUJER;ALICANTE
51;78.8;146.7;MUJER;ALICANTE
75;74.6;158;HOMBRE;ALICANTE
77;49.7;154.5;HOMBRE;ALICANTE
78;78.6;163;HOMBRE;ALICANTE
74;83.4;167.5;HOMBRE;ALICANTE
70;;;HOMBRE;ALICANTE
78;73.7;152.2;HOMBRE;ALICANTE
80;70.1;170.1;HOMBRE;ALICANTE
71;66;165.5;HOMBRE;ALICANTE
72;90;158.5;HOMBRE;ALICANTE
69;92;168;HOMBRE;ALICANTE
72;;;MUJER;ALICANTE
79;60.8;144;MUJER;ALICANTE
76;55.4;149;MUJER;ALICANTE
73;55.4;147;MUJER;ALICANTE
82;76.1;143;MUJER;ALICANTE
74;58.2;143.8;MUJER;ALICANTE
69;95;149.5;MUJER;ALICANTE
65;62.7;146.5;MUJER;ALICANTE
74;91.6;158;MUJER;ALICANTE
70;52.5;150;MUJER;ALICANTE
75;78.1;142;MUJER;ALICANTE
78;72.5;149;MUJER;ALICANTE
71;81.4;157;MUJER;ALICANTE
68;75;157.3;MUJER;ALICANTE
88;49.8;146.2;MUJER;ALICANTE
65;79;159.5;MUJER;ALICANTE
72;72.5;155;MUJER;ALICANTE
76;73.3;157;MUJER;ALICANTE
74;89;165;MUJER;ALICANTE
70;83.2;155.5;MUJER;ALICANTE
20;64.1;178;HOMBRE;ALICANTE
22;60.4;173.5;HOMBRE;ALICANTE
24;62;167.5;HOMBRE;ALICANTE
15;66.2;171;HOMBRE;ALICANTE
23;69.5;172;HOMBRE;ALICANTE
22;71.7;176.5;HOMBRE;ALICANTE
15;74;172.5;HOMBRE;ALICANTE
20;72.6;167.5;HOMBRE;ALICANTE
15;70.6;170;HOMBRE;ALICANTE
15;69.3;151;HOMBRE;ALICANTE
22;77.1;169;HOMBRE;ALICANTE
22;73.8;174.5;HOMBRE;ALICANTE
19;78.9;175;HOMBRE;ALICANTE
15;88.8;177.5;HOMBRE;ALICANTE
22;101;178;HOMBRE;ALICANTE
15;63.6;166.5;MUJER;ALICANTE
17;48.3;164;MUJER;ALICANTE
18;47.8;155.7;MUJER;ALICANTE
20;54.1;162.2;MUJER;ALICANTE
24;55;162.4;MUJER;ALICANTE
15;52.6;171;MUJER;ALICANTE
15;69.4;174.2;MUJER;ALICANTE
15;51.8;157.5;MUJER;ALICANTE
18;87.2;167;MUJER;ALICANTE
24;82.8;169.5;MUJER;ALICANTE
34;75.7;156.5;HOMBRE;ALICANTE
30;67.5;166.5;HOMBRE;ALICANTE
32;69;173.2;HOMBRE;ALICANTE
30;72.3;175;HOMBRE;ALICANTE
34;68.6;170;HOMBRE;ALICANTE
27;84.2;181.5;HOMBRE;ALICANTE
32;59.4;161;MUJER;ALICANTE
25;60.2;161;MUJER;ALICANTE
32;51.1;159;MUJER;ALICANTE
31;54.1;157.5;MUJER;ALICANTE
27;67.3;165.5;MUJER;ALICANTE
26;62.1;154;MUJER;ALICANTE
30;62.9;160;MUJER;ALICANTE
30;69.7;157.5;MUJER;ALICANTE
33;82.3;158;MUJER;ALICANTE
29;88.7;166.3;MUJER;ALICANTE
42;;;HOMBRE;ALICANTE
36;73;173;HOMBRE;ALICANTE
37;79.7;176;HOMBRE;ALICANTE
44;73.7;169.8;HOMBRE;ALICANTE
47;85;172;HOMBRE;ALICANTE
47;87.3;170;HOMBRE;ALICANTE
42;99.9;173;HOMBRE;ALICANTE
40;86.8;156;HOMBRE;ALICANTE
48;115.1;165;HOMBRE;ALICANTE
48;69.4;152.5;MUJER;ALICANTE
46;;;MUJER;ALICANTE
41;58.7;154;MUJER;ALICANTE
43;80.9;167;MUJER;ALICANTE
37;42.3;149.5;MUJER;ALICANTE
44;49.7;149;MUJER;ALICANTE
40;57.8;150.1;MUJER;ALICANTE
47;72.5;154.7;MUJER;ALICANTE
51;86.1;160;HOMBRE;ALICANTE
57;76.6;167.9;HOMBRE;ALICANTE
54;62.4;163;HOMBRE;ALICANTE
64;67.1;153.9;HOMBRE;ALICANTE
62;103;166;HOMBRE;ALICANTE
50;71.9;151.2;MUJER;ALICANTE
63;77.7;167.5;MUJER;ALICANTE
60;77.5;152.3;MUJER;ALICANTE
56;52.1;170;MUJER;ALICANTE
57;64.2;147.3;MUJER;ALICANTE
51;76;181.2;MUJER;ALICANTE
59;66.3;155.3;MUJER;ALICANTE
60;79.7;153.5;MUJER;ALICANTE
53;66.8;139.4;MUJER;ALICANTE
56;57.8;151.9;MUJER;ALICANTE
80;78;164;HOMBRE;ALICANTE
67;71.4;163;HOMBRE;ALICANTE
68;84.8;183.5;HOMBRE;ALICANTE
65;75.1;161.5;HOMBRE;ALICANTE
74;88.8;168.5;HOMBRE;ALICANTE
74;95.1;160.2;HOMBRE;ALICANTE
72;59.9;146.5;MUJER;ALICANTE
85;55.1;146.5;MUJER;ALICANTE
97;46.5;133;MUJER;ALICANTE
74;54.5;151.5;MUJER;ALICANTE
21;;;HOMBRE;ALICANTE
20;74.2;172;HOMBRE;VALENCIA
16;53.9;165;MUJER;VALENCIA
15;;;MUJER;VALENCIA
21;47.3;161;MUJER;VALENCIA
24;69.8;177;MUJER;VALENCIA
19;72.6;183;MUJER;VALENCIA
24;57;160;MUJER;VALENCIA
20;54.6;152;MUJER;VALENCIA
18;69.3;172;MUJER;VALENCIA
19;66.1;169;MUJER;ALICANTE
29;103.8;176.5;HOMBRE;VALENCIA
25;64.2;170;HOMBRE;VALENCIA
33;75.6;170;HOMBRE;VALENCIA
26;86.3;179;HOMBRE;VALENCIA
32;51.5;160.5;MUJER;VALENCIA
25;59.9;158.5;MUJER;VALENCIA
26;55.7;150;MUJER;VALENCIA
30;63;155;MUJER;VALENCIA
49;76;170;HOMBRE;VALENCIA
46;94.2;180;HOMBRE;VALENCIA
45;58.9;154.5;MUJER;VALENCIA
39;60.7;168;MUJER;VALENCIA
35;58.6;162;MUJER;VALENCIA
49;59.6;155;MUJER;VALENCIA
43;70.8;162;MUJER;VALENCIA
47;80.5;173;MUJER;VALENCIA
48;75.5;157;MUJER;VALENCIA
60;65.7;167;HOMBRE;VALENCIA
61;72;170;HOMBRE;ALICANTE
53;73.4;162;HOMBRE;VALENCIA
53;90;178;HOMBRE;VALENCIA
55;83.5;169.5;HOMBRE;VALENCIA
57;63.4;150;MUJER;ALICANTE
54;62.8;152.8;MUJER;VALENCIA
56;77.7;160;MUJER;VALENCIA
50;60.5;163;MUJER;VALENCIA
64;62;156;MUJER;VALENCIA
53;56;161;MUJER;VALENCIA
55;62;152.3;MUJER;VALENCIA
58;81.9;160;MUJER;VALENCIA
62;66.5;154;MUJER;VALENCIA
56;73.5;158.6;MUJER;VALENCIA
61;81.1;163.5;MUJER;VALENCIA
58;86.9;165.2;MUJER;VALENCIA
57;70.3;161.5;MUJER;VALENCIA
66;59.2;168;HOMBRE;VALENCIA
69;76.8;165;HOMBRE;VALENCIA
70;;;MUJER;ALICANTE
79;65;156;MUJER;VALENCIA
72;63.9;149;MUJER;VALENCIA
70;51;155.5;MUJER;ALICANTE
71;71.2;162.2;MUJER;VALENCIA
67;99.6;172;MUJER;VALENCIA
66;77.1;158.2;MUJER;VALENCIA
21;83;179;HOMBRE;ALICANTE
21;85.4;169.6;HOMBRE;ALICANTE
23;53.5;162.4;MUJER;ALICANTE
17;54.2;162.5;MUJER;ALICANTE
30;60.8;168.4;HOMBRE;ALICANTE
26;67.5;170.1;HOMBRE;ALICANTE
33;77.5;163.5;HOMBRE;ALICANTE
33;52.3;163;MUJER;ALICANTE
29;57.3;163.5;MUJER;ALICANTE
49;65.8;159.5;HOMBRE;ALICANTE
35;87.4;181;HOMBRE;ALICANTE
40;74.1;163.3;HOMBRE;ALICANTE
47;57.4;152;MUJER;ALICANTE
48;65.3;159.5;MUJER;ALICANTE
42;53.3;151;MUJER;ALICANTE
38;53.9;154.2;MUJER;ALICANTE
62;;;HOMBRE;ALICANTE
61;65.9;173;HOMBRE;ALICANTE
62;70.4;164.1;HOMBRE;ALICANTE
63;77.4;154.2;HOMBRE;ALICANTE
64;78.9;147.5;MUJER;ALICANTE
63;66.7;150.4;MUJER;ALICANTE
52;64.8;161.8;MUJER;ALICANTE
64;97.6;151;MUJER;ALICANTE
73;52.3;154.5;HOMBRE;ALICANTE
77;76.1;160.2;HOMBRE;ALICANTE
70;54.9;156.2;HOMBRE;ALICANTE
85;51;148.3;HOMBRE;ALICANTE
70;88.5;154.3;MUJER;ALICANTE
66;57.7;153;MUJER;ALICANTE
18;81.3;172;HOMBRE;CASTELLÓN
17;68.9;180;HOMBRE;CASTELLÓN
22;48.9;159.6;MUJER;ALICANTE
21;45.4;153;MUJER;ALICANTE
27;67.7;165;HOMBRE;CASTELLÓN
31;77.1;175.5;HOMBRE;CASTELLÓN
27;50.9;158;MUJER;CASTELLÓN
28;56.2;163;MUJER;CASTELLÓN
31;51.1;150;MUJER;CASTELLÓN
25;61.5;168;MUJER;CASTELLÓN
34;52.2;159;MUJER;CASTELLÓN
25;62;162;MUJER;VALENCIA
37;114.5;177;HOMBRE;CASTELLÓN
39;74.3;169;HOMBRE;CASTELLÓN
38;84.7;172;HOMBRE;CASTELLÓN
47;49.9;152;MUJER;VALENCIA
36;63;162;MUJER;CASTELLÓN
39;54.1;154;MUJER;CASTELLÓN
46;59.3;150;MUJER;CASTELLÓN
49;63;156;MUJER;CASTELLÓN
62;69.7;164;HOMBRE;CASTELLÓN
61;65;168;HOMBRE;VALENCIA
63;77.6;157.5;MUJER;CASTELLÓN
63;78.3;154.5;MUJER;CASTELLÓN
57;57.2;146.5;MUJER;CASTELLÓN
57;75.3;158;MUJER;CASTELLÓN
60;101;162;MUJER;CASTELLÓN
76;69.3;161;HOMBRE;CASTELLÓN
73;82.6;162;HOMBRE;VALENCIA
72;82.7;165;HOMBRE;CASTELLÓN
67;63.3;145;MUJER;CASTELLÓN
86;56;145;MUJER;VALENCIA
22;67.9;172;HOMBRE;ALICANTE
21;74.8;178.5;HOMBRE;ALICANTE
16;76.5;171.5;HOMBRE;ALICANTE
20;62;166.5;MUJER;VALENCIA
15;53.5;168.5;MUJER;ALICANTE
29;83.9;185.5;HOMBRE;ALICANTE
31;84.2;173.5;HOMBRE;ALICANTE
29;63.1;167.5;MUJER;ALICANTE
34;53.5;156.5;MUJER;ALICANTE
25;54.9;165;MUJER;ALICANTE
46;75;170;HOMBRE;ALICANTE
40;80.4;173;HOMBRE;ALICANTE
43;89.3;171.5;HOMBRE;ALICANTE
43;82.5;166.5;HOMBRE;ALICANTE
42;;;MUJER;ALICANTE
39;74.9;161;MUJER;ALICANTE
39;67.5;162;MUJER;ALICANTE
50;;;HOMBRE;ALICANTE
51;68.6;159.5;HOMBRE;ALICANTE
60;103.3;174;HOMBRE;ALICANTE
56;65.8;158;MUJER;ALICANTE
54;72.5;155.5;MUJER;ALICANTE
58;83.6;154.5;MUJER;ALICANTE
64;90.8;155;MUJER;ALICANTE
74;59.7;156;HOMBRE;ALICANTE
68;70.7;165;HOMBRE;ALICANTE
65;89.5;172.5;HOMBRE;ALICANTE
75;91.6;165;HOMBRE;ALICANTE
69;;;MUJER;ALICANTE
65;62.5;148;MUJER;ALICANTE
16;71.4;171;HOMBRE;VALENCIA
23;73.7;178;HOMBRE;VALENCIA
23;62.3;165;MUJER;VALENCIA
22;62.2;155;MUJER;VALENCIA
32;73.1;166;HOMBRE;VALENCIA
32;60;183;HOMBRE;VALENCIA
25;75.7;174;HOMBRE;VALENCIA
32;78.4;174.5;HOMBRE;VALENCIA
25;75.3;164;HOMBRE;VALENCIA
25;83;172;HOMBRE;VALENCIA
31;89.2;171.5;HOMBRE;VALENCIA
32;114.2;178;HOMBRE;VALENCIA
25;52.8;160.5;MUJER;VALENCIA
32;51.3;157;MUJER;VALENCIA
26;51.2;150;MUJER;VALENCIA
31;61.2;161;MUJER;VALENCIA
25;62.1;157;MUJER;VALENCIA
28;73.2;165;MUJER;VALENCIA
32;73.2;158;MUJER;VALENCIA
45;102;166.5;HOMBRE;VALENCIA
39;69.8;168.5;HOMBRE;VALENCIA
37;64.5;162.5;HOMBRE;VALENCIA
42;74.7;171.5;HOMBRE;VALENCIA
42;87.9;180;HOMBRE;VALENCIA
41;92;169.5;HOMBRE;VALENCIA
36;112.5;165;HOMBRE;VALENCIA
41;69.9;148.5;MUJER;VALENCIA
39;45.6;146.5;MUJER;VALENCIA
35;52;153;MUJER;VALENCIA
45;71.7;156;MUJER;VALENCIA
62;62.4;157.5;HOMBRE;VALENCIA
51;78;170;HOMBRE;VALENCIA
53;74.9;155;HOMBRE;VALENCIA
57;68.9;157;HOMBRE;VALENCIA
54;93.7;166;HOMBRE;VALENCIA
52;61.6;160;MUJER;VALENCIA
59;62.7;155.5;MUJER;VALENCIA
50;69.9;151.5;MUJER;VALENCIA
72;66.3;169;HOMBRE;ALICANTE
68;77.7;166;HOMBRE;VALENCIA
70;82.8;160;MUJER;VALENCIA
68;105.2;153;MUJER;VALENCIA
16;52.2;166.5;HOMBRE;VALENCIA
21;62.3;175;HOMBRE;VALENCIA
19;70;180;HOMBRE;VALENCIA
17;59;172;MUJER;VALENCIA
17;66.4;164;MUJER;VALENCIA
28;68.9;178;HOMBRE;VALENCIA
27;78;170;HOMBRE;VALENCIA
31;89;168;HOMBRE;VALENCIA
26;90.9;162;HOMBRE;VALENCIA
26;52.2;165.5;MUJER;VALENCIA
25;85;162;MUJER;VALENCIA
31;54;165.5;MUJER;VALENCIA
30;51.3;147;MUJER;VALENCIA
26;92.9;174;MUJER;VALENCIA
39;97;168.5;HOMBRE;VALENCIA
49;107;176;HOMBRE;VALENCIA
38;65.8;161;MUJER;VALENCIA
43;94;166;MUJER;VALENCIA
57;85.9;181;HOMBRE;VALENCIA
52;89.7;161.5;HOMBRE;VALENCIA
62;83.5;153;MUJER;VALENCIA
61;53.7;157.5;MUJER;VALENCIA
64;93.8;162;MUJER;VALENCIA
66;96.9;169;HOMBRE;VALENCIA
68;96.8;170;HOMBRE;VALENCIA
80;43.8;149;MUJER;VALENCIA
74;43.5;142;MUJER;VALENCIA
20;72.8;181;HOMBRE;VALENCIA
23;86.4;179;HOMBRE;VALENCIA
17;46;160;MUJER;VALENCIA
16;47.5;166;MUJER;VALENCIA
15;55.7;156;MUJER;VALENCIA
25;68.2;166;HOMBRE;VALENCIA
27;82.8;174;HOMBRE;VALENCIA
30;85.4;170;HOMBRE;VALENCIA
26;54.5;158;MUJER;VALENCIA
32;74.5;165;MUJER;VALENCIA
27;80.8;161;MUJER;VALENCIA
41;69.9;164;HOMBRE;VALENCIA
37;93;177;HOMBRE;VALENCIA
40;89.8;160.5;MUJER;VALENCIA
49;88.5;154.2;MUJER;VALENCIA
52;63.2;164;HOMBRE;VALENCIA
53;66.8;170;HOMBRE;VALENCIA
58;76.4;170;HOMBRE;VALENCIA
63;87.7;157;MUJER;VALENCIA
54;83.4;152;MUJER;VALENCIA
67;72.1;161;HOMBRE;VALENCIA
70;78;170;HOMBRE;VALENCIA
67;77.6;150;MUJER;VALENCIA
76;85.5;160;MUJER;VALENCIA
18;65.3;187;HOMBRE;VALENCIA
23;86.8;186.5;HOMBRE;VALENCIA
15;46.1;158;MUJER;VALENCIA
18;58.2;170;MUJER;VALENCIA
22;51.3;156.5;MUJER;VALENCIA
19;98.4;169;MUJER;VALENCIA
33;66.3;168.5;HOMBRE;VALENCIA
30;78.3;172.5;HOMBRE;VALENCIA
34;86.4;178;HOMBRE;VALENCIA
27;48.2;162;MUJER;VALENCIA
27;49.5;159;MUJER;VALENCIA
48;72.4;168.5;HOMBRE;VALENCIA
44;91.2;167.3;HOMBRE;VALENCIA
35;56.7;166;MUJER;VALENCIA
42;77.6;151.5;MUJER;VALENCIA
50;57.8;156.5;HOMBRE;VALENCIA
54;74.3;169.5;HOMBRE;VALENCIA
52;92;176;HOMBRE;VALENCIA
50;59.8;152;MUJER;VALENCIA
56;71.5;164.5;MUJER;VALENCIA
53;76;162;MUJER;VALENCIA
53;75.5;151;MUJER;VALENCIA
68;90.3;166;HOMBRE;VALENCIA
72;94.8;170;HOMBRE;VALENCIA
67;65.7;156;MUJER;VALENCIA
72;79;164;MUJER;VALENCIA
82;60.8;146;MUJER;VALENCIA
23;60.5;174;HOMBRE;VALENCIA
15;62;180;HOMBRE;VALENCIA
19;66.3;170;HOMBRE;VALENCIA
19;69;179;HOMBRE;VALENCIA
18;61.2;170;HOMBRE;VALENCIA
23;80;178;HOMBRE;VALENCIA
17;90;184;HOMBRE;VALENCIA
24;72;167;HOMBRE;VALENCIA
19;54.8;172;MUJER;VALENCIA
22;57;168;MUJER;VALENCIA
15;50.8;158;MUJER;VALENCIA
24;51.8;158;MUJER;VALENCIA
23;64.6;163;MUJER;VALENCIA
15;73.5;173;MUJER;VALENCIA
17;84;167;MUJER;VALENCIA
26;72.2;178;HOMBRE;VALENCIA
33;61;168;HOMBRE;VALENCIA
28;73.1;173;HOMBRE;VALENCIA
28;76;180;HOMBRE;VALENCIA
26;75;180;HOMBRE;VALENCIA
32;72.1;170;HOMBRE;VALENCIA
34;79;178;HOMBRE;VALENCIA
32;82;168;HOMBRE;VALENCIA
31;88.1;170;HOMBRE;VALENCIA
28;89.7;178;HOMBRE;VALENCIA
33;81;165;HOMBRE;VALENCIA
31;65.7;160.5;MUJER;VALENCIA
28;66.7;169;MUJER;VALENCIA
27;72.4;166;MUJER;VALENCIA
27;77.2;171;MUJER;VALENCIA
31;65.7;155;MUJER;VALENCIA
28;80;167;MUJER;VALENCIA
43;80;178;HOMBRE;VALENCIA
36;64.3;168;HOMBRE;VALENCIA
40;74.9;169;HOMBRE;VALENCIA
36;86.2;180;HOMBRE;VALENCIA
43;81;170;HOMBRE;VALENCIA
38;73;156;HOMBRE;VALENCIA
42;67;156;MUJER;VALENCIA
35;55.7;161;MUJER;VALENCIA
35;58.9;156;MUJER;VALENCIA
41;50;148;MUJER;VALENCIA
36;74.4;172;MUJER;VALENCIA
36;58.5;153;MUJER;VALENCIA
38;62;157;MUJER;VALENCIA
41;76;170;MUJER;VALENCIA
37;77.8;170;MUJER;VALENCIA
42;76;163;MUJER;VALENCIA
45;77.2;161;MUJER;VALENCIA
47;98;180;MUJER;VALENCIA
62;61.8;154;HOMBRE;VALENCIA
53;64.8;167;HOMBRE;VALENCIA
56;68;160;HOMBRE;VALENCIA
54;90;182;HOMBRE;VALENCIA
54;77;173;HOMBRE;VALENCIA
63;62.8;155;HOMBRE;VALENCIA
63;64.2;148;MUJER;VALENCIA
63;67.5;164.5;MUJER;VALENCIA
58;71.3;161;MUJER;VALENCIA
73;56.9;162;HOMBRE;VALENCIA
71;91;165;HOMBRE;VALENCIA
65;50.7;150;MUJER;VALENCIA
73;71.3;155;MUJER;VALENCIA
67;70.9;160;MUJER;VALENCIA
67;61;147.1;MUJER;VALENCIA
20;61.5;178.1;HOMBRE;VALENCIA
20;79.5;177.5;HOMBRE;VALENCIA
18;73.2;188;HOMBRE;VALENCIA
23;70.1;166.5;HOMBRE;VALENCIA
21;;;HOMBRE;VALENCIA
20;68.3;169.8;HOMBRE;VALENCIA
21;101.3;180;HOMBRE;VALENCIA
22;77.8;167.5;HOMBRE;VALENCIA
15;43;161.8;HOMBRE;VALENCIA
16;75.2;183;HOMBRE;VALENCIA
20;74.2;182;HOMBRE;VALENCIA
21;59.4;183;HOMBRE;VALENCIA
19;58.6;179.5;HOMBRE;VALENCIA
18;62.4;185.4;HOMBRE;VALENCIA
17;62.2;177;HOMBRE;VALENCIA
19;55.7;170;HOMBRE;VALENCIA
19;59.1;179;HOMBRE;VALENCIA
18;68.8;186;HOMBRE;VALENCIA
20;64.1;179.5;HOMBRE;VALENCIA
20;67.1;183;HOMBRE;VALENCIA
15;65.5;177;HOMBRE;VALENCIA
15;56.9;168;HOMBRE;VALENCIA
22;58.3;172;HOMBRE;VALENCIA
20;48;159;HOMBRE;VALENCIA
17;54.1;162.5;HOMBRE;VALENCIA
15;68.3;178;HOMBRE;VALENCIA
16;61.8;171;HOMBRE;VALENCIA
22;53.5;160;HOMBRE;VALENCIA
20;77;191;HOMBRE;VALENCIA
19;64;175;HOMBRE;VALENCIA
21;62.2;170.5;HOMBRE;VALENCIA
21;64.6;171.5;HOMBRE;VALENCIA
15;51.3;166.5;HOMBRE;VALENCIA
24;69.3;180.3;HOMBRE;VALENCIA
24;72.5;184.5;HOMBRE;VALENCIA
20;63.8;173;HOMBRE;VALENCIA
21;67.1;180;HOMBRE;VALENCIA
18;64.3;171.5;HOMBRE;VALENCIA
18;71.6;176;HOMBRE;ALICANTE
24;78;183;HOMBRE;VALENCIA
19;69;179.5;HOMBRE;VALENCIA
17;67;176;HOMBRE;VALENCIA
16;66.7;173;HOMBRE;VALENCIA
18;65;172;HOMBRE;VALENCIA
17;81;184;HOMBRE;VALENCIA
19;71.5;175.4;HOMBRE;VALENCIA
21;71.9;174;HOMBRE;VALENCIA
17;73.9;179;HOMBRE;VALENCIA
20;64.4;171;HOMBRE;VALENCIA
20;71.4;177;HOMBRE;VALENCIA
19;82.5;191;HOMBRE;VALENCIA
22;76.3;179;HOMBRE;VALENCIA
22;75.6;185;HOMBRE;VALENCIA
15;68.4;173.5;HOMBRE;VALENCIA
18;65.9;167.5;HOMBRE;VALENCIA
20;65;169;HOMBRE;VALENCIA
22;78.9;181.5;HOMBRE;VALENCIA
16;65.8;170;HOMBRE;VALENCIA
21;75;181;HOMBRE;VALENCIA
19;76.3;181;HOMBRE;VALENCIA
22;64.4;167.5;HOMBRE;VALENCIA
16;79.3;179;HOMBRE;VALENCIA
19;61.5;161.5;HOMBRE;VALENCIA
23;75.2;178.5;HOMBRE;VALENCIA
23;76.6;178.5;HOMBRE;VALENCIA
24;76.2;176.5;HOMBRE;VALENCIA
23;85;177;HOMBRE;VALENCIA
21;74.9;174.5;HOMBRE;VALENCIA
23;81;179;HOMBRE;VALENCIA
16;82;180.5;HOMBRE;VALENCIA
15;76;168;HOMBRE;VALENCIA
23;98.8;192;HOMBRE;VALENCIA
20;77.3;175;HOMBRE;VALENCIA
20;79.9;177;HOMBRE;VALENCIA
22;79.2;181.5;HOMBRE;VALENCIA
23;79.8;179.5;HOMBRE;VALENCIA
20;82.3;178;HOMBRE;VALENCIA
24;88.6;185.4;HOMBRE;VALENCIA
21;75;172;HOMBRE;VALENCIA
20;89.5;181;HOMBRE;VALENCIA
23;90.6;183.2;HOMBRE;VALENCIA
19;80.2;171;HOMBRE;VALENCIA
19;91.7;188;HOMBRE;ALICANTE
19;72.8;170;HOMBRE;VALENCIA
21;87.1;177;HOMBRE;VALENCIA
17;80.1;172.5;HOMBRE;VALENCIA
24;81.7;167;HOMBRE;VALENCIA
23;62.5;160.5;HOMBRE;VALENCIA
18;84;167;HOMBRE;VALENCIA
19;98.5;191;HOMBRE;VALENCIA
17;80.6;170;HOMBRE;VALENCIA
21;77.6;166;HOMBRE;VALENCIA
19;104.2;176;HOMBRE;VALENCIA
24;83.3;168;HOMBRE;ALICANTE
24;89.3;168;HOMBRE;VALENCIA
17;129.8;201;HOMBRE;VALENCIA
19;102.1;167.5;HOMBRE;VALENCIA
20;70.1;171;HOMBRE;VALENCIA
21;51.6;161;MUJER;VALENCIA
15;57;167.5;MUJER;VALENCIA
23;54.8;165;MUJER;VALENCIA
14;;;MUJER;VALENCIA
19;48.6;160;MUJER;VALENCIA
19;64.5;155;MUJER;VALENCIA
18;36.2;154;MUJER;VALENCIA
15;47.6;158;MUJER;VALENCIA
16;46.1;156.5;MUJER;VALENCIA
22;58.2;176.5;MUJER;VALENCIA
15;50.2;165;MUJER;VALENCIA
15;42.7;152.6;MUJER;VALENCIA
16;53.6;166;MUJER;VALENCIA
15;46.4;158.5;MUJER;VALENCIA
18;43.1;162;MUJER;VALENCIA
17;46.8;158;MUJER;VALENCIA
15;51.9;167;MUJER;VALENCIA
15;45.5;155.5;MUJER;VALENCIA
17;51.5;162;MUJER;VALENCIA
14;48;158.5;MUJER;VALENCIA
23;56.8;167;MUJER;VALENCIA
21;64.4;170.1;MUJER;VALENCIA
18;57.9;166;MUJER;VALENCIA
21;54;165;MUJER;VALENCIA
14;53.7;165;MUJER;VALENCIA
17;58.3;165;MUJER;VALENCIA
21;52.7;163;MUJER;VALENCIA
17;52;169;MUJER;VALENCIA
20;59.4;168.5;MUJER;VALENCIA
23;57;170;MUJER;VALENCIA
22;50.9;162.3;MUJER;VALENCIA
23;55.5;165.5;MUJER;VALENCIA
20;56.8;156.5;MUJER;VALENCIA
20;51.2;160.5;MUJER;VALENCIA
20;51;159;MUJER;VALENCIA
18;51.5;160.6;MUJER;VALENCIA
18;49;164;MUJER;VALENCIA
16;48.4;156.5;MUJER;VALENCIA
23;58.3;164;MUJER;VALENCIA
16;63.9;178;MUJER;VALENCIA
22;49.6;157;MUJER;VALENCIA
17;50;158;MUJER;VALENCIA
19;56.6;158.5;MUJER;VALENCIA
20;51;157.5;MUJER;VALENCIA
22;63.1;170.5;MUJER;VALENCIA
15;62.7;172;MUJER;VALENCIA
21;60;171;MUJER;VALENCIA
24;55.8;165.5;MUJER;VALENCIA
17;50.8;156;MUJER;VALENCIA
16;61.3;168.3;MUJER;VALENCIA
18;57.7;152;MUJER;VALENCIA
22;56.5;165;MUJER;VALENCIA
24;57.7;165;MUJER;VALENCIA
22;51.4;156.5;MUJER;VALENCIA
17;49.1;154.5;MUJER;VALENCIA
22;53.7;150;MUJER;VALENCIA
21;58;163.5;MUJER;VALENCIA
24;51.6;152;MUJER;VALENCIA
19;60.2;160;MUJER;VALENCIA
16;50.4;152;MUJER;VALENCIA
23;54.5;160.6;MUJER;VALENCIA
24;57.6;164.5;MUJER;VALENCIA
19;51.1;159;MUJER;VALENCIA
23;61.3;169.5;MUJER;VALENCIA
19;56.6;163;MUJER;VALENCIA
23;53.6;159.9;MUJER;VALENCIA
20;49.2;155.5;MUJER;ALICANTE
19;56.5;161.5;MUJER;VALENCIA
18;59.5;163;MUJER;VALENCIA
17;59;162.7;MUJER;VALENCIA
18;48.5;154;MUJER;VALENCIA
18;59;159;MUJER;VALENCIA
21;57.1;161;MUJER;VALENCIA
18;55.7;156;MUJER;VALENCIA
19;53;150;MUJER;VALENCIA
22;60.8;167;MUJER;VALENCIA
19;58;165;MUJER;VALENCIA
23;56.8;160;MUJER;VALENCIA
18;56.3;158.5;MUJER;VALENCIA
24;55.3;148;MUJER;VALENCIA
16;50.2;160;MUJER;VALENCIA
21;53.9;164;MUJER;VALENCIA
15;46.6;152;MUJER;VALENCIA
19;55.3;157;MUJER;VALENCIA
22;57.4;158;MUJER;VALENCIA
21;63.9;169;MUJER;VALENCIA
17;52.8;152;MUJER;VALENCIA
18;61.5;160.5;MUJER;VALENCIA
23;52.6;152.5;MUJER;VALENCIA
16;63.8;160.5;MUJER;VALENCIA
21;72.1;170;MUJER;VALENCIA
17;65;167;MUJER;VALENCIA
15;63.6;177;MUJER;VALENCIA
17;64.5;163;MUJER;VALENCIA
16;59.5;156;MUJER;VALENCIA
19;64.5;163;MUJER;VALENCIA
16;62.1;159;MUJER;VALENCIA
17;66.8;163;MUJER;VALENCIA
18;64.7;163.2;MUJER;VALENCIA
15;66;165;MUJER;VALENCIA
23;62;156;MUJER;VALENCIA
18;69;156;MUJER;VALENCIA
17;73.5;165;MUJER;VALENCIA
21;63.9;152;MUJER;VALENCIA
18;81.2;158;MUJER;VALENCIA
15;79.6;161;MUJER;VALENCIA
30;84;174.5;HOMBRE;VALENCIA
27;;;HOMBRE;VALENCIA
30;66.1;170;HOMBRE;VALENCIA
32;72.6;168;HOMBRE;VALENCIA
30;;;HOMBRE;VALENCIA
33;63.9;173;HOMBRE;VALENCIA
32;62.3;163.5;HOMBRE;VALENCIA
28;50.7;164.5;HOMBRE;VALENCIA
25;63.9;182;HOMBRE;VALENCIA
29;68;181.5;HOMBRE;VALENCIA
34;55.2;166;HOMBRE;VALENCIA
32;58.2;172;HOMBRE;VALENCIA
26;54.8;167.5;HOMBRE;VALENCIA
29;70;180;HOMBRE;VALENCIA
28;72.5;172.5;HOMBRE;VALENCIA
26;67;176;HOMBRE;VALENCIA
28;61.4;169;HOMBRE;VALENCIA
29;71.2;178;HOMBRE;VALENCIA
30;73.3;178.5;HOMBRE;VALENCIA
32;70;181;HOMBRE;VALENCIA
27;72;180;HOMBRE;VALENCIA
30;71.5;179;HOMBRE;VALENCIA
25;75.9;184.6;HOMBRE;VALENCIA
30;73.3;180;HOMBRE;VALENCIA
32;78.9;187;HOMBRE;VALENCIA
32;71.2;176;HOMBRE;VALENCIA
29;68.4;171;HOMBRE;VALENCIA
25;78.7;177.5;HOMBRE;VALENCIA
26;64.1;165;HOMBRE;VALENCIA
33;80.4;176.5;HOMBRE;VALENCIA
28;64.2;167.5;HOMBRE;VALENCIA
33;67.2;167;HOMBRE;VALENCIA
27;74.4;175;HOMBRE;VALENCIA
31;75.2;178.5;HOMBRE;VALENCIA
27;67.6;167.5;HOMBRE;VALENCIA
29;82;182;HOMBRE;VALENCIA
31;72;171;HOMBRE;VALENCIA
32;77.6;178;HOMBRE;VALENCIA
26;80.9;181;HOMBRE;VALENCIA
27;75.9;174;HOMBRE;VALENCIA
31;91.2;190.5;HOMBRE;VALENCIA
32;70.1;171;HOMBRE;VALENCIA
32;76.8;176;HOMBRE;VALENCIA
30;85.3;184.3;HOMBRE;VALENCIA
29;74;172.5;HOMBRE;VALENCIA
30;86.3;182.3;HOMBRE;VALENCIA
27;77.6;173;HOMBRE;VALENCIA
25;90.5;182.5;HOMBRE;VALENCIA
25;76;170;HOMBRE;VALENCIA
32;72;167.5;HOMBRE;VALENCIA
26;88.8;182;HOMBRE;VALENCIA
34;87;180;HOMBRE;VALENCIA
30;79.3;171;HOMBRE;VALENCIA
26;79.4;173.5;HOMBRE;VALENCIA
33;79.5;172.5;HOMBRE;VALENCIA
27;74;165.5;HOMBRE;VALENCIA
25;89.1;182;HOMBRE;VALENCIA
34;75.9;167.5;HOMBRE;VALENCIA
27;87.9;177.3;HOMBRE;VALENCIA
28;74.2;161.5;HOMBRE;VALENCIA
25;84;175;HOMBRE;VALENCIA
28;78.9;170;HOMBRE;VALENCIA
34;81.6;164.5;HOMBRE;VALENCIA
33;91.6;169.5;HOMBRE;VALENCIA
29;129;185;HOMBRE;VALENCIA
32;63.5;160;MUJER;VALENCIA
32;68.8;154.8;MUJER;VALENCIA
31;55.2;165;MUJER;VALENCIA
31;97;159;MUJER;VALENCIA
30;51.6;167;MUJER;VALENCIA
29;52.5;165;MUJER;VALENCIA
32;52.6;167;MUJER;VALENCIA
28;50.3;160.5;MUJER;VALENCIA
33;52.9;161;MUJER;VALENCIA
26;55.1;165.5;MUJER;VALENCIA
32;49.7;155.5;MUJER;VALENCIA
28;52.5;162.5;MUJER;VALENCIA
26;52.5;167;MUJER;VALENCIA
31;51.3;159;MUJER;VALENCIA
28;51.4;160;MUJER;VALENCIA
25;49.2;153.5;MUJER;VALENCIA
26;53.4;165;MUJER;VALENCIA
29;51.8;156;MUJER;VALENCIA
32;44.8;151;MUJER;VALENCIA
26;53.5;159.5;MUJER;VALENCIA
29;54.3;159.8;MUJER;VALENCIA
31;54;162.5;MUJER;VALENCIA
27;62.6;166.5;MUJER;VALENCIA
26;51.6;159;MUJER;VALENCIA
29;53;160;MUJER;VALENCIA
27;58.3;165;MUJER;VALENCIA
28;55.9;151.7;MUJER;VALENCIA
28;57.2;161;MUJER;VALENCIA
26;61;168.5;MUJER;VALENCIA
25;63.7;170;MUJER;VALENCIA
28;59.1;164;MUJER;VALENCIA
27;67.2;173.2;MUJER;VALENCIA
32;57.4;160;MUJER;VALENCIA
25;60.8;158.5;MUJER;VALENCIA
32;48.5;148.5;MUJER;VALENCIA
33;59;161;MUJER;VALENCIA
27;63.5;163.5;MUJER;ALICANTE
33;62.9;163;MUJER;VALENCIA
25;68.5;169.5;MUJER;VALENCIA
30;58.9;161;MUJER;VALENCIA
27;60.8;162;MUJER;VALENCIA
28;56;155.5;MUJER;VALENCIA
28;58.4;160;MUJER;VALENCIA
28;63.3;163;MUJER;VALENCIA
30;64.3;163;MUJER;VALENCIA
25;62.9;162;MUJER;VALENCIA
31;66;165;MUJER;VALENCIA
31;64.4;163;MUJER;VALENCIA
31;67;164;MUJER;VALENCIA
27;59.9;155;MUJER;VALENCIA
34;60.8;153.3;MUJER;VALENCIA
25;61.4;156;MUJER;VALENCIA
27;57.7;152.8;MUJER;VALENCIA
33;61;150;MUJER;VALENCIA
32;68.1;159;MUJER;VALENCIA
32;73.6;167.5;MUJER;VALENCIA
31;69.2;150;MUJER;VALENCIA
34;57;147.5;MUJER;VALENCIA
31;75;160;MUJER;VALENCIA
41;67.1;162;HOMBRE;ALICANTE
40;56.2;150.5;HOMBRE;VALENCIA
38;71.9;173.5;HOMBRE;VALENCIA
35;;;HOMBRE;VALENCIA
40;63.9;170;HOMBRE;VALENCIA
39;52.6;158;HOMBRE;VALENCIA
37;54;169;HOMBRE;VALENCIA
37;57.7;165;HOMBRE;VALENCIA
37;61.2;168;HOMBRE;VALENCIA
37;80.3;193;HOMBRE;VALENCIA
41;66.5;166.5;HOMBRE;VALENCIA
38;66.4;168;HOMBRE;VALENCIA
44;56;160.5;HOMBRE;VALENCIA
41;60.9;165;HOMBRE;VALENCIA
38;66.5;174.5;HOMBRE;VALENCIA
35;66.3;172;HOMBRE;VALENCIA
46;57.9;163;HOMBRE;VALENCIA
35;68.4;172.5;HOMBRE;VALENCIA
41;74.4;175.5;HOMBRE;VALENCIA
44;70.9;175.5;HOMBRE;VALENCIA
35;81.9;186.5;HOMBRE;VALENCIA
38;62.9;167;HOMBRE;VALENCIA
43;71.2;172.5;HOMBRE;VALENCIA
49;79.7;167;HOMBRE;VALENCIA
48;66.8;165;HOMBRE;VALENCIA
47;67.8;167;HOMBRE;VALENCIA
38;78.5;180;HOMBRE;VALENCIA
45;81.7;178.5;HOMBRE;VALENCIA
45;80.2;180.2;HOMBRE;VALENCIA
38;85;180;HOMBRE;VALENCIA
37;71.8;167;HOMBRE;VALENCIA
39;74.8;175;HOMBRE;VALENCIA
39;72.4;166;HOMBRE;VALENCIA
36;70;164.5;HOMBRE;VALENCIA
35;68.9;163.5;HOMBRE;VALENCIA
44;77.8;171.5;HOMBRE;VALENCIA
35;74;172;HOMBRE;VALENCIA
47;76.6;168.5;HOMBRE;VALENCIA
41;73.4;167.5;HOMBRE;VALENCIA
37;83.4;178;HOMBRE;VALENCIA
37;69.2;168.5;HOMBRE;VALENCIA
48;74;161.2;HOMBRE;VALENCIA
35;73.6;166;HOMBRE;VALENCIA
42;76.1;164.5;HOMBRE;VALENCIA
40;87.1;181;HOMBRE;VALENCIA
39;76.5;170;HOMBRE;ALICANTE
38;91.3;180;HOMBRE;VALENCIA
49;91.2;180;HOMBRE;VALENCIA
47;80.2;171;HOMBRE;VALENCIA
37;82;170;HOMBRE;VALENCIA
38;78.9;165;HOMBRE;VALENCIA
48;81.8;166.5;HOMBRE;VALENCIA
47;82.8;170;HOMBRE;VALENCIA
40;87.3;175;HOMBRE;VALENCIA
47;88.3;175;HOMBRE;VALENCIA
47;88;175.5;HOMBRE;VALENCIA
42;102.2;190;HOMBRE;VALENCIA
38;80.2;167;HOMBRE;VALENCIA
43;91.3;178;HOMBRE;VALENCIA
35;80;165;HOMBRE;VALENCIA
37;89.6;171;HOMBRE;VALENCIA
48;78.7;171.5;HOMBRE;VALENCIA
42;97.4;175;HOMBRE;VALENCIA
45;78.2;163;HOMBRE;VALENCIA
37;87;170;HOMBRE;VALENCIA
45;90;168.5;HOMBRE;VALENCIA
46;79.6;167;HOMBRE;VALENCIA
47;105.4;173;HOMBRE;VALENCIA
49;69.6;161.5;MUJER;VALENCIA
36;69.7;160;MUJER;VALENCIA
42;86.5;161.5;MUJER;VALENCIA
49;58.3;150.5;MUJER;VALENCIA
45;58.6;150;MUJER;VALENCIA
43;58.6;151.5;MUJER;VALENCIA
45;59.4;158.5;MUJER;VALENCIA
39;58;154.5;MUJER;VALENCIA
48;68.3;148;MUJER;VALENCIA
47;54.3;154.5;MUJER;VALENCIA
35;49.4;162.5;MUJER;VALENCIA
38;52;158;MUJER;VALENCIA
41;50.8;155;MUJER;VALENCIA
44;48.2;150;MUJER;VALENCIA
42;55;157;MUJER;VALENCIA
38;50.9;155;MUJER;VALENCIA
36;56.3;158.5;MUJER;VALENCIA
45;50.2;154.2;MUJER;VALENCIA
43;59.5;161;MUJER;VALENCIA
39;53.8;150;MUJER;VALENCIA
43;50;150.5;MUJER;VALENCIA
35;53.7;150;MUJER;VALENCIA
46;47.9;149;MUJER;VALENCIA
36;61;164;MUJER;VALENCIA
40;59.5;159.5;MUJER;VALENCIA
37;64.8;170;MUJER;VALENCIA
39;51.9;153.5;MUJER;VALENCIA
39;57.1;158;MUJER;VALENCIA
35;70.6;168;MUJER;VALENCIA
35;61;160.5;MUJER;VALENCIA
47;60;162;MUJER;VALENCIA
38;60.8;162.5;MUJER;VALENCIA
38;57.4;155;MUJER;VALENCIA
44;64.9;162.5;MUJER;VALENCIA
36;66.4;165.4;MUJER;VALENCIA
39;58;158;MUJER;VALENCIA
39;67.5;166;MUJER;ALICANTE
37;63.5;160.5;MUJER;VALENCIA
37;67.4;171.5;MUJER;VALENCIA
43;65.3;160.5;MUJER;VALENCIA
40;65.7;165;MUJER;VALENCIA
36;58.3;154;MUJER;VALENCIA
39;56.2;151.5;MUJER;VALENCIA
46;55.3;152.5;MUJER;VALENCIA
38;64.3;158;MUJER;VALENCIA
42;66.3;158;MUJER;VALENCIA
40;67.8;160;MUJER;VALENCIA
44;64.1;157;MUJER;VALENCIA
36;65.5;158.5;MUJER;VALENCIA
45;72;166;MUJER;VALENCIA
41;69;162;MUJER;VALENCIA
44;56.9;150;MUJER;VALENCIA
43;74.6;168.9;MUJER;VALENCIA
44;67.5;164;MUJER;VALENCIA
39;71.5;163;MUJER;VALENCIA
36;62.6;157;MUJER;VALENCIA
45;68.8;154;MUJER;VALENCIA
46;60;148.5;MUJER;VALENCIA
42;70.5;162;MUJER;VALENCIA
36;73;165;MUJER;VALENCIA
48;70.3;162.5;MUJER;VALENCIA
45;70.7;156;MUJER;VALENCIA
40;70.9;157.8;MUJER;VALENCIA
38;77;165;MUJER;VALENCIA
46;66.4;152.5;MUJER;VALENCIA
43;66;155;MUJER;VALENCIA
36;60.5;148;MUJER;VALENCIA
44;72.3;156;MUJER;VALENCIA
39;79.7;160.5;MUJER;VALENCIA
36;91.2;170;MUJER;VALENCIA
49;92.4;169;MUJER;VALENCIA
49;90;170;MUJER;VALENCIA
42;86.8;163;MUJER;VALENCIA
48;94;167;MUJER;VALENCIA
43;58.3;162;MUJER;VALENCIA
61;91.4;160;HOMBRE;VALENCIA
62;85.2;180;HOMBRE;VALENCIA
53;;;HOMBRE;VALENCIA
64;85.7;171.5;HOMBRE;VALENCIA
51;80;170;HOMBRE;VALENCIA
57;71.9;168;HOMBRE;VALENCIA
53;67;172;HOMBRE;VALENCIA
61;73.4;166.2;HOMBRE;VALENCIA
55;65.6;162;HOMBRE;VALENCIA
57;66.5;156;HOMBRE;VALENCIA
62;47.4;162.4;HOMBRE;VALENCIA
61;72.6;176;HOMBRE;VALENCIA
63;56.1;160;HOMBRE;VALENCIA
52;53.2;169;HOMBRE;VALENCIA
62;72.9;177;HOMBRE;VALENCIA
52;78;176;HOMBRE;VALENCIA
63;57.7;160;HOMBRE;VALENCIA
55;67.6;171;HOMBRE;VALENCIA
60;65;162;HOMBRE;VALENCIA
63;72.9;166;HOMBRE;VALENCIA
63;65.1;164;HOMBRE;VALENCIA
58;76.5;171;HOMBRE;VALENCIA
53;67.1;159.5;HOMBRE;VALENCIA
61;79;169.5;HOMBRE;VALENCIA
59;67.8;166;HOMBRE;VALENCIA
58;79.2;174.5;HOMBRE;VALENCIA
53;75;166;HOMBRE;VALENCIA
59;91.8;171;HOMBRE;VALENCIA
52;81.9;181;HOMBRE;VALENCIA
59;72.6;167.5;HOMBRE;VALENCIA
53;72.3;160;HOMBRE;VALENCIA
56;80.2;174.2;HOMBRE;VALENCIA
60;73.4;162;HOMBRE;VALENCIA
55;83.9;175.1;HOMBRE;VALENCIA
57;80;175.5;HOMBRE;VALENCIA
62;82;162;HOMBRE;VALENCIA
51;78.8;166.5;HOMBRE;VALENCIA
52;79.2;161;HOMBRE;VALENCIA
52;80.8;163.5;HOMBRE;VALENCIA
54;87.9;171;HOMBRE;VALENCIA
62;84.5;163.5;HOMBRE;VALENCIA
60;82.1;165.8;HOMBRE;VALENCIA
62;85.8;168;HOMBRE;VALENCIA
62;96.2;175;HOMBRE;VALENCIA
59;91.4;174;HOMBRE;VALENCIA
63;76.3;162;HOMBRE;VALENCIA
52;83.6;167.5;HOMBRE;VALENCIA
59;105;180.5;HOMBRE;VALENCIA
61;81.2;164;HOMBRE;VALENCIA
61;92;172;HOMBRE;VALENCIA
50;90.5;170;HOMBRE;VALENCIA
57;83.5;164;HOMBRE;ALICANTE
60;80.2;160;HOMBRE;VALENCIA
53;92.3;167.5;HOMBRE;VALENCIA
50;69.8;153.5;MUJER;ALICANTE
62;58.8;152;MUJER;VALENCIA
55;77.6;156;MUJER;VALENCIA
55;56;145;MUJER;VALENCIA
59;79;157.5;MUJER;VALENCIA
53;78;160;MUJER;VALENCIA
64;64;154;MUJER;ALICANTE
53;;;MUJER;ALICANTE
61;73.5;161;MUJER;VALENCIA
54;63.5;162.2;MUJER;VALENCIA
64;66.7;153;MUJER;VALENCIA
57;60.8;157;MUJER;VALENCIA
52;56.6;148.5;MUJER;VALENCIA
61;70.3;151.5;MUJER;VALENCIA
50;59.9;160.8;MUJER;VALENCIA
62;60.1;140;MUJER;VALENCIA
52;73.8;150;MUJER;VALENCIA
61;63;152;MUJER;VALENCIA
58;82.2;163;MUJER;VALENCIA
61;70.6;152.8;MUJER;VALENCIA
56;57.2;156.5;MUJER;VALENCIA
50;63.9;161.2;MUJER;VALENCIA
59;61.7;163.5;MUJER;VALENCIA
53;63.5;162;MUJER;VALENCIA
60;58.3;156.2;MUJER;VALENCIA
53;59;160.5;MUJER;VALENCIA
60;53.6;151;MUJER;VALENCIA
50;56.7;151.5;MUJER;VALENCIA
55;63.6;164;MUJER;VALENCIA
57;59;150;MUJER;VALENCIA
51;56.8;152.5;MUJER;VALENCIA
52;61.1;158;MUJER;VALENCIA
58;55;151;MUJER;VALENCIA
54;66.8;161.5;MUJER;VALENCIA
51;58.7;152;MUJER;VALENCIA
51;66.2;157.5;MUJER;VALENCIA
60;73.5;153.1;MUJER;VALENCIA
52;65;157;MUJER;VALENCIA
53;69.5;165;MUJER;VALENCIA
63;68.3;160;MUJER;VALENCIA
56;78.6;154;MUJER;VALENCIA
58;69.5;168;MUJER;VALENCIA
50;77.9;163;MUJER;VALENCIA
59;61.9;145;MUJER;VALENCIA
63;70.1;157;MUJER;VALENCIA
63;72;151.5;MUJER;VALENCIA
54;74.4;160;MUJER;VALENCIA
56;75.6;156.5;MUJER;VALENCIA
53;67.2;153.5;MUJER;VALENCIA
55;71;156;MUJER;VALENCIA
61;72.8;158;MUJER;VALENCIA
63;75;152;MUJER;VALENCIA
64;63.4;147;MUJER;VALENCIA
58;76.4;153.5;MUJER;VALENCIA
61;71.9;144.5;MUJER;VALENCIA
56;87.4;165;MUJER;VALENCIA
64;90;165;MUJER;VALENCIA
63;70.5;145;MUJER;VALENCIA
55;81.3;152;MUJER;VALENCIA
52;82.5;143.1;MUJER;VALENCIA
58;87.7;151;MUJER;VALENCIA
57;96.8;151.5;MUJER;VALENCIA
78;;;HOMBRE;VALENCIA
73;54.8;150;HOMBRE;VALENCIA
74;65.2;151.8;HOMBRE;VALENCIA
75;119.8;170.4;HOMBRE;VALENCIA
67;59.3;169.2;HOMBRE;VALENCIA
67;58.3;170;HOMBRE;VALENCIA
65;60.9;171;HOMBRE;VALENCIA
71;60.2;157;HOMBRE;VALENCIA
65;64.1;167;HOMBRE;VALENCIA
67;69.7;174.5;HOMBRE;VALENCIA
70;55.1;157.5;HOMBRE;VALENCIA
81;60.3;163.1;HOMBRE;VALENCIA
73;70.2;171;HOMBRE;VALENCIA
81;64.1;159.5;HOMBRE;VALENCIA
70;72.5;175;HOMBRE;VALENCIA
69;80.9;169;HOMBRE;VALENCIA
78;69.1;159;HOMBRE;VALENCIA
74;78.6;176;HOMBRE;VALENCIA
69;65.6;165;HOMBRE;VALENCIA
77;70;164;HOMBRE;VALENCIA
67;84;177.5;HOMBRE;VALENCIA
67;77.9;168;HOMBRE;VALENCIA
65;76.3;169;HOMBRE;VALENCIA
72;88.1;182.1;HOMBRE;VALENCIA
68;80.9;170.5;HOMBRE;VALENCIA
68;68;170;HOMBRE;VALENCIA
69;70;159.5;HOMBRE;VALENCIA
78;74;163;HOMBRE;VALENCIA
72;83;170;HOMBRE;VALENCIA
65;82;169;HOMBRE;VALENCIA
65;80;165;HOMBRE;VALENCIA
73;86.8;169;HOMBRE;VALENCIA
69;78.5;163;HOMBRE;VALENCIA
71;71.5;151.5;HOMBRE;VALENCIA
76;91.1;172;HOMBRE;VALENCIA
74;77.3;163;HOMBRE;VALENCIA
74;72.5;160.5;HOMBRE;VALENCIA
71;85;160.3;HOMBRE;VALENCIA
69;93;169.5;HOMBRE;VALENCIA
74;87.2;168;HOMBRE;VALENCIA
65;117.2;171;HOMBRE;VALENCIA
80;73.4;140;MUJER;VALENCIA
65;63.4;146;MUJER;VALENCIA
68;70.9;152.5;MUJER;VALENCIA
79;59.2;153;MUJER;VALENCIA
67;75.2;150.5;MUJER;VALENCIA
67;76.2;155;MUJER;VALENCIA
77;66.6;152.5;MUJER;VALENCIA
76;47.2;151;MUJER;VALENCIA
77;65;150;MUJER;VALENCIA
77;64.4;150.5;MUJER;VALENCIA
69;115.4;166.5;MUJER;VALENCIA
71;70.5;162.5;MUJER;VALENCIA
65;60.4;156;MUJER;VALENCIA
79;79.5;155;MUJER;VALENCIA
72;66.3;150.5;MUJER;VALENCIA
69;66.1;158.5;MUJER;VALENCIA
70;57.3;145.5;MUJER;VALENCIA
75;75.6;150;MUJER;VALENCIA
65;66.5;148.5;MUJER;VALENCIA
69;70.3;148.5;MUJER;VALENCIA
71;65.4;151;MUJER;VALENCIA
80;65.1;145.1;MUJER;VALENCIA
67;83.6;152;MUJER;VALENCIA
69;55.6;152.8;MUJER;VALENCIA
79;67.1;155;MUJER;VALENCIA
77;48.3;141.5;MUJER;VALENCIA
68;63.9;145;MUJER;VALENCIA
84;67.7;154;MUJER;VALENCIA
65;91.5;153.5;MUJER;VALENCIA
66;56.3;146;MUJER;VALENCIA
82;51;148;MUJER;VALENCIA
70;50.1;150.1;MUJER;VALENCIA
70;56.8;145;MUJER;VALENCIA
67;65.8;152;MUJER;VALENCIA
85;47.6;143.2;MUJER;VALENCIA
85;89;144;MUJER;VALENCIA
74;64;151.2;MUJER;VALENCIA
85;59;143;MUJER;VALENCIA
71;43.1;161;MUJER;VALENCIA
71;57;157;MUJER;VALENCIA
75;55.3;164.5;MUJER;VALENCIA
68;50.2;148.5;MUJER;VALENCIA
72;64;154;MUJER;VALENCIA
74;59.5;148.5;MUJER;VALENCIA
72;57.6;154;MUJER;VALENCIA
67;64.6;159;MUJER;VALENCIA
67;58.5;153;MUJER;VALENCIA
66;57.5;150;MUJER;VALENCIA
72;63.7;159;MUJER;VALENCIA
71;57.6;153.5;MUJER;VALENCIA
81;62.5;148;MUJER;VALENCIA
71;70.1;152.5;MUJER;VALENCIA
80;71.5;163.1;MUJER;VALENCIA
70;60;148;MUJER;VALENCIA
65;80;167;MUJER;VALENCIA
66;61.2;151;MUJER;VALENCIA
72;57.3;150.1;MUJER;VALENCIA
73;71.1;162.5;MUJER;VALENCIA
65;64;151.5;MUJER;VALENCIA
69;80.5;166.5;MUJER;VALENCIA
76;80;169;MUJER;VALENCIA
82;60.3;142.5;MUJER;VALENCIA
80;58;156;MUJER;VALENCIA
70;71.2;155;MUJER;VALENCIA
70;69;153;MUJER;VALENCIA
66;64.2;149.5;MUJER;ALICANTE
71;80.2;157;MUJER;VALENCIA
81;68.3;150;MUJER;VALENCIA
86;66.5;154.5;MUJER;VALENCIA
67;74.1;150;MUJER;VALENCIA
72;86.4;149;MUJER;VALENCIA