edad;peso;talla;sexo;provincia;dni
18;66.4;163.5;HOMBRE;CASTELLÓN;13184786H
18;68.7;172.0;HOMBRE;CASTELLÓN;37707523O
24;76.7;170.0;HOMBRE;ALICANTE;18338426W
17;55.6;160.0;MUJER;CASTELLÓN;64334663L
16;46.6;163.5;MUJER;CASTELLÓN;45309142X
15;58.6;166.5;MUJER;ALICANTE;86065845F
15;58.5;164.0;MUJER;CASTELLÓN;89158029B
19;69.0;158.5;MUJER;CASTELLÓN;55745263K
25;55.2;174.0;HOMBRE;CASTELLÓN;43247686A
34;76.0;181.5;HOMBRE;CASTELLÓN;84734488O
26;59.0;164.0;MUJER;CASTELLÓN;42947057K
25;47.7;156.0;MUJER;ALICANTE;81642304I
25;65.4;157.5;MUJER;CASTELLÓN;42646428H
48;73.4;168.0;HOMBRE;CASTELLÓN;78979590A
36;80.1;171.0;HOMBRE;ALICANTE;12497634M
45;88.9;171.0;HOMBRE;CASTELLÓN;45953347H
43;62.5;166.0;MUJER;CASTELLÓN;46253976S
39;55.5;156.5;MUJER;CASTELLÓN;39768979N
35;67.9;161.0;MUJER;CASTELLÓN;67899264H
47;70.0;154.0;MUJER;ALICANTE;87010679P
62;78.7;158.0;HOMBRE;CASTELLÓN;61414267U
54;67.1;164.0;HOMBRE;ALICANTE;76746346D
50;70.5;161.0;HOMBRE;ALICANTE;70647872I
59;86.4;174.0;HOMBRE;CASTELLÓN;50935199H
57;91.0;166.5;HOMBRE;ALICANTE;59868175S
63;76.9;160.0;HOMBRE;ALICANTE;21774186W
63;;;MUJER;ALICANTE;77089922B
63;77.0;159.0;MUJER;ALICANTE;78936643U
53;70.1;158.0;MUJER;CASTELLÓN;44192520W
61;64.0;164.5;MUJER;ALICANTE;50419835S
54;57.2;148.0;MUJER;CASTELLÓN;71936282W
71;70.0;160.0;HOMBRE;CASTELLÓN;66095490H
79;57.0;159.0;HOMBRE;ALICANTE;15589818F
73;83.2;167.0;HOMBRE;ALICANTE;46511658K
80;80.0;160.0;MUJER;CASTELLÓN;20142200V
89;59.9;143.0;MUJER;ALICANTE;82028827D
69;66.0;151.5;MUJER;CASTELLÓN;87483096W
76;53.1;152.5;MUJER;ALICANTE;18939684Y
15;93.0;181.5;HOMBRE;ALICANTE;83617866L
15;53.0;168.0;HOMBRE;ALICANTE;86409421K
20;;;HOMBRE;ALICANTE;58493871Y
22;76.6;169.5;HOMBRE;ALICANTE;45867453K
22;65.1;172.0;HOMBRE;ALICANTE;18767896E
15;89.5;171.5;HOMBRE;ALICANTE;20399882T
17;62.2;172.0;HOMBRE;ALICANTE;17565380J
15;67.0;170.0;HOMBRE;ALICANTE;55573475D
17;57.0;176.0;HOMBRE;ALICANTE;17007069J
15;56.6;168.0;HOMBRE;ALICANTE;74341314C
19;68.5;187.5;HOMBRE;ALICANTE;51450563Y
17;60.8;171.5;HOMBRE;ALICANTE;61800790U
15;56.3;173.5;HOMBRE;ALICANTE;29161070Q
15;58.5;173.0;HOMBRE;ALICANTE;81341675F
21;65.0;173.0;HOMBRE;ALICANTE;62444995L
18;61.2;166.0;HOMBRE;ALICANTE;38910039G
17;58.1;168.5;HOMBRE;ALICANTE;28473918N
21;65.2;176.0;HOMBRE;ALICANTE;54542747L
21;65.0;173.0;HOMBRE;ALICANTE;38437622U
16;76.3;190.0;HOMBRE;ALICANTE;55144005J
21;65.8;178.0;HOMBRE;ALICANTE;73181745Z
18;79.7;189.0;HOMBRE;ALICANTE;65408338I
20;68.0;175.5;HOMBRE;ALICANTE;54156224B
18;62.8;175.0;HOMBRE;ALICANTE;22418391Q
20;76.8;189.0;HOMBRE;ALICANTE;24265112T
21;71.0;176.5;HOMBRE;ALICANTE;56475362Y
20;63.0;172.0;HOMBRE;ALICANTE;60727115K
18;61.4;168.0;HOMBRE;ALICANTE;56947779M
15;62.3;167.0;HOMBRE;ALICANTE;55229899W
15;66.0;171.5;HOMBRE;ALICANTE;16577599B
24;68.0;170.0;HOMBRE;ALICANTE;13356574S
22;74.0;174.0;HOMBRE;ALICANTE;70003667T
20;65.3;169.5;HOMBRE;ALICANTE;77304657T
15;75.8;175.0;HOMBRE;ALICANTE;14000779J
22;70.3;170.0;HOMBRE;ALICANTE;31566102C
17;73.3;174.0;HOMBRE;ALICANTE;35474279B
23;89.1;180.0;HOMBRE;ALICANTE;23148490B
16;70.7;162.0;HOMBRE;ALICANTE;83746707D
24;85.7;175.0;HOMBRE;ALICANTE;54800429E
24;64.4;161.0;MUJER;ALICANTE;74942572D
16;57.2;156.2;MUJER;ALICANTE;72408699U
22;75.2;165.0;MUJER;ALICANTE;87740778M
21;;;MUJER;ALICANTE;65064762F
23;65.0;154.5;MUJER;ALICANTE;71764494N
24;43.3;154.5;MUJER;ALICANTE;77519392S
22;54.7;155.0;MUJER;ALICANTE;49432054F
23;42.8;151.5;MUJER;ALICANTE;84347965H
18;52.4;164.0;MUJER;ALICANTE;38609410S
18;47.7;162.0;MUJER;ALICANTE;75372042Q
15;49.0;166.3;MUJER;ALICANTE;52996655S
17;47.8;160.0;MUJER;ALICANTE;16148129X
19;45.2;155.0;MUJER;ALICANTE;87354255G
20;52.3;168.0;MUJER;ALICANTE;61843737C
17;59.6;172.0;MUJER;ALICANTE;14687931W
18;53.3;161.5;MUJER;ALICANTE;18424320P
17;49.0;158.5;MUJER;ALICANTE;18853790Z
22;46.5;156.0;MUJER;ALICANTE;81771145H
24;49.8;155.0;MUJER;ALICANTE;64377610C
23;52.0;160.3;MUJER;ALICANTE;74856678B
21;56.4;162.0;MUJER;ALICANTE;62230260X
23;52.4;157.0;MUJER;ALICANTE;35302491R
17;53.1;159.7;MUJER;ALICANTE;40370237O
17;60.4;170.0;MUJER;ALICANTE;74083632L
21;52.4;159.5;MUJER;ALICANTE;73396480O
21;80.0;180.3;MUJER;ALICANTE;75157307I
16;62.3;168.0;MUJER;ALICANTE;68113999T
17;64.5;161.3;MUJER;ALICANTE;75629724I
16;53.1;156.0;MUJER;ALICANTE;73052904D
20;57.5;160.0;MUJER;ALICANTE;46425764V
19;58.5;163.0;MUJER;ALICANTE;54242118G
21;67.0;160.0;MUJER;ALICANTE;79323166R
20;63.8;164.0;MUJER;ALICANTE;69703038V
17;64.4;163.0;MUJER;ALICANTE;88256142L
23;67.7;171.0;MUJER;ALICANTE;79623795T
19;65.9;163.0;MUJER;ALICANTE;53082549M
21;58.0;156.0;MUJER;ALICANTE;45523877U
17;61.2;156.0;MUJER;ALICANTE;23277331A
20;72.7;164.5;MUJER;ALICANTE;68199893K
20;71.6;161.0;MUJER;ALICANTE;85679322L
16;71.5;166.0;MUJER;ALICANTE;35560173P
33;62.5;171.5;HOMBRE;ALICANTE;43634209Z
34;70.3;179.5;HOMBRE;ALICANTE;24136271Q
29;89.2;173.0;HOMBRE;ALICANTE;48186591F
33;51.3;156.0;HOMBRE;ALICANTE;77476445M
32;69.3;168.1;HOMBRE;ALICANTE;76273929J
34;71.0;174.0;HOMBRE;ALICANTE;16964122W
32;77.8;179.5;HOMBRE;ALICANTE;83145449Q
32;82.2;184.0;HOMBRE;ALICANTE;58923341I
34;80.6;174.5;HOMBRE;ALICANTE;33799346Q
25;80.4;177.5;HOMBRE;ALICANTE;55659369S
32;67.4;157.5;HOMBRE;ALICANTE;37192159C
33;78.0;174.0;HOMBRE;ALICANTE;89372764V
32;80.3;173.5;HOMBRE;ALICANTE;14730878V
33;78.3;165.5;HOMBRE;ALICANTE;16835281R
31;76.4;159.0;HOMBRE;ALICANTE;59911122W
33;89.0;169.3;HOMBRE;ALICANTE;27099614A
29;65.1;166.5;MUJER;ALICANTE;79494954W
27;63.0;158.0;MUJER;ALICANTE;80182106V
28;61.5;170.0;MUJER;ALICANTE;84176177X
33;54.6;164.7;MUJER;ALICANTE;44278414C
27;51.2;145.0;MUJER;ALICANTE;86581209B
30;61.4;161.0;MUJER;ALICANTE;72838169X
33;81.0;153.0;MUJER;ALICANTE;67727476S
34;64.4;156.5;MUJER;ALICANTE;85636375R
32;60.5;156.0;MUJER;ALICANTE;83231343I
29;77.2;165.0;MUJER;ALICANTE;12111111T
26;52.8;167.0;MUJER;ALICANTE;82071774J
27;48.0;162.5;MUJER;ALICANTE;62960359A
25;45.6;156.5;MUJER;ALICANTE;52266556Z
27;57.2;163.5;MUJER;ALICANTE;35388385J
33;53.8;163.3;MUJER;ALICANTE;65708967S
32;50.6;160.0;MUJER;ALICANTE;28774547M
25;51.0;159.5;MUJER;ALICANTE;85335746R
27;51.4;153.6;MUJER;ALICANTE;41701594H
28;53.7;155.0;MUJER;ALICANTE;30578321B
30;58.4;163.0;MUJER;ALICANTE;34572392R
33;50.1;152.3;MUJER;ALICANTE;27056667D
31;49.8;150.0;MUJER;ALICANTE;53254337E
31;59.0;159.0;MUJER;ALICANTE;71592706T
25;51.3;153.5;MUJER;ALICANTE;31480208G
28;59.0;158.5;MUJER;ALICANTE;40198449R
26;59.5;159.0;MUJER;ALICANTE;46726393J
33;59.6;157.5;MUJER;ALICANTE;38695304R
28;55.0;156.0;MUJER;ALICANTE;14172567I
30;64.0;167.0;MUJER;ALICANTE;48487220B
30;64.0;160.0;MUJER;ALICANTE;62616783J
34;68.3;162.0;MUJER;ALICANTE;51407616Z
30;76.6;160.0;MUJER;ALICANTE;12626475Z
33;94.4;160.1;MUJER;ALICANTE;14602037M
32;65.2;164.0;MUJER;ALICANTE;40241396C
37;75.8;175.0;HOMBRE;ALICANTE;46683446C
45;49.9;160.0;HOMBRE;ALICANTE;13141839O
48;;;HOMBRE;ALICANTE;42174011R
47;;;HOMBRE;ALICANTE;51149934R
38;71.4;167.0;HOMBRE;ALICANTE;26627197N
49;58.7;167.0;HOMBRE;ALICANTE;68972939V
39;77.6;182.5;HOMBRE;ALICANTE;82372403A
48;78.3;170.5;HOMBRE;ALICANTE;56346521S
46;90.5;172.0;HOMBRE;ALICANTE;45437983V
36;66.4;173.5;HOMBRE;ALICANTE;66524960T
44;66.0;174.3;HOMBRE;ALICANTE;14859719G
38;77.6;180.5;HOMBRE;ALICANTE;67512741I
37;71.0;179.0;HOMBRE;ALICANTE;52438344X
36;72.8;173.5;HOMBRE;ALICANTE;89286870C
49;77.5;172.0;HOMBRE;ALICANTE;73482374V
48;73.6;165.0;HOMBRE;ALICANTE;83403131P
36;71.0;167.0;HOMBRE;ALICANTE;83489025D
35;78.0;175.0;HOMBRE;ALICANTE;50119206G
40;65.7;163.5;HOMBRE;ALICANTE;76875187F
47;72.4;169.0;HOMBRE;ALICANTE;45566824H
42;75.1;171.0;HOMBRE;ALICANTE;64892974W
43;76.4;162.5;HOMBRE;ALICANTE;63260988W
45;69.5;162.0;HOMBRE;ALICANTE;48616061O
48;62.4;155.5;HOMBRE;ALICANTE;42431693K
45;75.5;168.5;HOMBRE;ALICANTE;83360184T
42;96.4;180.5;HOMBRE;ALICANTE;86838891Z
35;90.6;172.0;HOMBRE;ALICANTE;82630085V
46;90.0;161.0;HOMBRE;ALICANTE;75844459Y
49;112.2;177.0;HOMBRE;ALICANTE;42818216J
48;113.8;157.0;HOMBRE;ALICANTE;55788210N
47;62.6;157.4;MUJER;ALICANTE;22375444G
46;48.4;154.5;MUJER;ALICANTE;26798985Z
45;56.6;159.4;MUJER;ALICANTE;87096573O
45;94.8;153.0;MUJER;ALICANTE;13528362K
46;74.0;158.0;MUJER;ALICANTE;87526043Z
40;66.0;162.5;MUJER;ALICANTE;35087756Q
40;84.2;165.0;MUJER;ALICANTE;29289911N
42;50.3;154.0;MUJER;ALICANTE;17436539C
41;55.0;153.0;MUJER;ALICANTE;49603842C
47;75.4;154.5;MUJER;ALICANTE;30363586D
44;62.2;151.5;MUJER;ALICANTE;37321000V
45;87.8;154.5;MUJER;ALICANTE;44879672D
39;;;MUJER;ALICANTE;67298006L
48;61.5;143.0;MUJER;ALICANTE;15246242E
40;69.0;162.0;MUJER;ALICANTE;80568629I
35;53.0;150.0;MUJER;ALICANTE;16019288B
49;78.8;158.5;MUJER;ALICANTE;26584250S
43;80.0;158.0;MUJER;ALICANTE;20056306T
42;65.5;154.0;MUJER;ALICANTE;63003306F
45;67.0;156.5;MUJER;ALICANTE;81899986F
45;71.4;160.0;MUJER;ALICANTE;51965927H
48;58.1;166.0;MUJER;ALICANTE;82758926R
35;53.0;158.0;MUJER;ALICANTE;66052543E
47;49.4;152.0;MUJER;ALICANTE;53512019K
42;54.6;162.0;MUJER;ALICANTE;54413906U
46;54.5;159.0;MUJER;ALICANTE;36762689B
37;58.5;160.5;MUJER;ALICANTE;41014442P
46;59.5;166.0;MUJER;ALICANTE;22804914W
39;54.0;158.0;MUJER;ALICANTE;62917412J
42;65.8;170.5;MUJER;ALICANTE;78206544Y
39;58.1;159.5;MUJER;ALICANTE;47027022I
37;57.5;160.3;MUJER;ALICANTE;57033673E
49;56.5;157.3;MUJER;ALICANTE;76445717I
40;55.6;154.0;MUJER;ALICANTE;88470877K
37;63.4;162.3;MUJER;ALICANTE;32210307Z
35;58.0;158.0;MUJER;ALICANTE;33971134F
41;55.5;154.0;MUJER;ALICANTE;50076259X
40;62.9;151.5;MUJER;ALICANTE;54499800L
40;67.5;163.0;MUJER;ALICANTE;43032951K
35;67.0;164.0;MUJER;ALICANTE;59782281B
42;61.3;158.5;MUJER;ALICANTE;27142561O
43;67.5;165.0;MUJER;ALICANTE;50591623C
41;76.1;170.2;MUJER;ALICANTE;13786044H
47;67.7;160.0;MUJER;ALICANTE;58665659G
49;60.8;154.0;MUJER;ALICANTE;23706801K
39;73.5;166.5;MUJER;ALICANTE;13614256I
44;66.0;155.0;MUJER;ALICANTE;70476084Y
49;61.9;150.2;MUJER;ALICANTE;16105182W
39;68.4;159.5;MUJER;ALICANTE;25381734V
48;78.7;165.0;MUJER;ALICANTE;18037797K
46;76.0;155.0;MUJER;ALICANTE;75973300R
60;55.5;163.0;HOMBRE;ALICANTE;89243923A
61;81.0;168.0;HOMBRE;ALICANTE;61671949G
51;;;HOMBRE;ALICANTE;68242840Y
51;;;HOMBRE;ALICANTE;58622712U
54;72.1;168.0;HOMBRE;ALICANTE;31609049V
58;66.0;159.0;HOMBRE;ALICANTE;73009957J
51;81.0;157.0;HOMBRE;ALICANTE;51493510J
55;55.0;163.0;HOMBRE;ALICANTE;36462060X
57;66.3;170.5;HOMBRE;ALICANTE;44536096O
53;71.5;173.3;HOMBRE;ALICANTE;22976702R
52;64.3;163.0;HOMBRE;ALICANTE;42002223Y
64;66.5;173.0;HOMBRE;ALICANTE;19068525L
55;64.5;162.0;HOMBRE;ALICANTE;73697109V
52;74.0;164.0;HOMBRE;ALICANTE;66181384U
64;71.3;170.5;HOMBRE;ALICANTE;69960720G
58;93.8;185.0;HOMBRE;ALICANTE;47714174D
63;84.3;181.5;HOMBRE;ALICANTE;37063318I
62;76.0;169.0;HOMBRE;ALICANTE;66997377H
62;86.8;174.0;HOMBRE;ALICANTE;88213195O
61;65.3;160.1;HOMBRE;ALICANTE;83531972P
56;80.4;167.0;HOMBRE;ALICANTE;74556049Y
59;86.6;173.5;HOMBRE;ALICANTE;62316154X
62;87.5;163.0;HOMBRE;ALICANTE;55272846S
59;85.9;171.0;HOMBRE;ALICANTE;33627558I
64;82.0;165.7;HOMBRE;ALICANTE;72151017L
60;91.8;166.0;HOMBRE;ALICANTE;65279497N
55;92.3;171.0;HOMBRE;ALICANTE;33026300R
58;77.5;161.5;HOMBRE;ALICANTE;49775630A
57;118.5;184.5;HOMBRE;ALICANTE;72967010G
56;95.4;151.8;HOMBRE;ALICANTE;31093685O
59;89.5;162.0;HOMBRE;ALICANTE;26498356H
50;62.0;156.5;MUJER;ALICANTE;59181023I
54;43.2;145.5;MUJER;ALICANTE;24694582O
60;73.7;147.5;MUJER;ALICANTE;54285065V
63;108.0;166.5;MUJER;ALICANTE;63175094U
64;61.8;155.5;MUJER;ALICANTE;50720464V
53;59.3;155.5;MUJER;ALICANTE;39081827V
56;60.2;150.0;MUJER;ALICANTE;29590540M
52;;;MUJER;ALICANTE;89759287Z
50;;;MUJER;ALICANTE;83574919R
58;58.0;160.0;MUJER;ALICANTE;28645706M
53;92.0;153.5;MUJER;ALICANTE;15031507V
62;79.0;155.5;MUJER;ALICANTE;29762328W
55;62.5;152.5;MUJER;ALICANTE;14902666K
63;79.4;158.0;MUJER;ALICANTE;56045892R
54;62.6;152.0;MUJER;ALICANTE;13270680V
56;67.2;156.5;MUJER;ALICANTE;15375083X
50;48.4;165.0;MUJER;ALICANTE;29848222F
64;56.5;167.5;MUJER;ALICANTE;78077703J
59;57.6;157.3;MUJER;ALICANTE;71335024R
56;50.0;149.0;MUJER;ALICANTE;22504285T
58;63.3;161.5;MUJER;ALICANTE;42302852B
54;68.5;165.3;MUJER;ALICANTE;29805275K
50;62.2;155.0;MUJER;ALICANTE;54456853E
51;66.0;167.1;MUJER;ALICANTE;28430971Z
63;65.8;160.0;MUJER;ALICANTE;59352811V
54;56.0;152.0;MUJER;ALICANTE;44106626V
59;76.0;166.0;MUJER;ALICANTE;28216236V
55;75.5;165.0;MUJER;ALICANTE;51751192P
52;71.2;162.5;MUJER;ALICANTE;39038880O
51;65.5;159.5;MUJER;ALICANTE;75071413J
55;60.7;153.5;MUJER;ALICANTE;25982992Z
52;66.0;155.3;MUJER;ALICANTE;70862607P
57;74.4;157.5;MUJER;ALICANTE;53812648X
57;71.2;155.5;MUJER;ALICANTE;68028105X
64;63.9;148.5;MUJER;ALICANTE;49517948A
64;73.5;162.5;MUJER;ALICANTE;80268000S
53;71.0;150.0;MUJER;ALICANTE;35689014A
59;89.7;162.0;MUJER;ALICANTE;12411740V
50;95.0;162.5;MUJER;ALICANTE;75243201P
53;75.3;150.5;MUJER;ALICANTE;42560534N
53;98.2;160.0;MUJER;ALICANTE;49818577J
65;74.7;160.5;HOMBRE;ALICANTE;37406894S
65;82.5;173.0;HOMBRE;ALICANTE;63604564M
72;64.0;161.0;HOMBRE;ALICANTE;69316515F
73;65.0;169.0;HOMBRE;ALICANTE;67684529Q
80;76.2;150.5;HOMBRE;ALICANTE;35646067N
81;78.5;155.3;HOMBRE;ALICANTE;50677517D
72;74.5;167.5;HOMBRE;ALICANTE;82286509V
84;55.6;171.5;HOMBRE;ALICANTE;70175455H
84;;;HOMBRE;ALICANTE;66482013Z
66;44.0;156.0;HOMBRE;ALICANTE;37106265S
69;60.4;168.0;HOMBRE;ALICANTE;52309503Q
75;71.6;163.0;HOMBRE;ALICANTE;40928548J
65;69.4;168.1;HOMBRE;ALICANTE;39124774U
75;70.5;167.3;HOMBRE;ALICANTE;19712730I
73;72.0;169.0;HOMBRE;ALICANTE;66911483P
68;81.5;176.5;HOMBRE;ALICANTE;34915968R
65;71.9;164.5;HOMBRE;ALICANTE;20743458V
76;71.4;168.0;HOMBRE;ALICANTE;84262071O
73;78.9;167.5;HOMBRE;ALICANTE;77218763K
69;76.0;170.0;HOMBRE;ALICANTE;25295840F
72;78.8;164.7;HOMBRE;ALICANTE;73568268T
67;84.1;167.5;HOMBRE;ALICANTE;22117762Y
75;104.0;178.0;HOMBRE;ALICANTE;32897459F
72;80.3;151.0;HOMBRE;ALICANTE;39425403O
78;104.5;165.0;HOMBRE;ALICANTE;31265473S
66;89.2;154.0;MUJER;ALICANTE;26412462Y
72;49.8;147.0;MUJER;ALICANTE;28559812B
70;85.6;146.5;MUJER;ALICANTE;32854512A
70;57.0;145.5;MUJER;ALICANTE;18166638Z
74;66.1;149.0;MUJER;ALICANTE;16405811Y
67;75.5;148.5;MUJER;ALICANTE;81169887V
78;68.9;145.0;MUJER;ALICANTE;35216597K
71;72.5;161.2;MUJER;ALICANTE;36376166D
72;65.0;161.1;MUJER;ALICANTE;53426125H
66;67.5;154.0;MUJER;ALICANTE;85765216X
67;;;MUJER;ALICANTE;79366113B
79;54.5;140.0;MUJER;ALICANTE;52781920G
87;;;MUJER;ALICANTE;21731239C
69;72.6;158.0;MUJER;ALICANTE;22203656D
70;36.8;139.0;MUJER;ALICANTE;70905554F
66;58.6;143.0;MUJER;ALICANTE;12755316X
74;82.3;153.2;MUJER;ALICANTE;76016247F
79;58.7;150.3;MUJER;ALICANTE;17135910N
78;71.3;157.0;MUJER;ALICANTE;16191076O
82;46.5;143.5;MUJER;ALICANTE;75715618M
70;63.5;157.0;MUJER;ALICANTE;24179218D
89;60.0;151.0;MUJER;ALICANTE;49947418R
74;56.0;143.0;MUJER;ALICANTE;23191437J
76;80.5;146.5;MUJER;ALICANTE;73439427Y
70;79.4;166.0;MUJER;ALICANTE;25467628A
83;68.0;149.0;MUJER;ALICANTE;13313627U
80;72.2;145.3;MUJER;ALICANTE;77261710Z
70;71.3;151.5;MUJER;ALICANTE;69015886B
76;;;MUJER;ALICANTE;28688653M
83;81.3;144.5;MUJER;ALICANTE;25596469R
70;94.0;151.0;MUJER;ALICANTE;30535374C
68;62.8;156.0;MUJER;ALICANTE;57806719F
73;62.6;155.0;MUJER;ALICANTE;15933394B
76;31.7;148.5;MUJER;ALICANTE;28044448K
81;57.2;153.5;MUJER;ALICANTE;89888128T
73;58.8;153.5;MUJER;ALICANTE;84519753N
72;63.0;168.2;MUJER;ALICANTE;24050377M
83;57.5;154.0;MUJER;ALICANTE;59223970H
66;64.5;160.0;MUJER;ALICANTE;34701233H
68;68.5;162.4;MUJER;ALICANTE;63948140V
82;69.9;165.0;MUJER;ALICANTE;85593428X
65;53.7;139.0;MUJER;ALICANTE;34400604G
85;71.0;154.0;MUJER;ALICANTE;21044087N
71;82.0;164.2;MUJER;ALICANTE;67383900J
67;69.3;153.0;MUJER;ALICANTE;18510214Z
69;66.6;153.0;MUJER;ALICANTE;62273207G
68;68.0;150.0;MUJER;ALICANTE;57677878A
71;65.7;143.2;MUJER;ALICANTE;30320639H
65;168.8;149.0;MUJER;ALICANTE;38008152O
22;71.6;167.0;HOMBRE;CASTELLÓN;41529806P
18;99.6;172.6;HOMBRE;CASTELLÓN;85249852L
18;65.0;171.1;HOMBRE;CASTELLÓN;66868536D
15;50.0;170.4;HOMBRE;CASTELLÓN;63218041B
18;61.3;169.5;HOMBRE;CASTELLÓN;25811204Y
19;60.0;169.0;HOMBRE;CASTELLÓN;56604203R
19;54.6;166.0;HOMBRE;CASTELLÓN;81126940Z
15;66.3;175.0;HOMBRE;CASTELLÓN;66610854T
18;69.0;174.0;HOMBRE;CASTELLÓN;84133230K
15;71.6;172.5;HOMBRE;CASTELLÓN;60340592Z
15;70.8;170.0;HOMBRE;CASTELLÓN;64935921Q
17;72.8;174.0;HOMBRE;CASTELLÓN;13743097M
16;84.0;193.5;HOMBRE;CASTELLÓN;81685251S
19;76.0;176.5;HOMBRE;CASTELLÓN;72451646V
21;73.8;174.5;HOMBRE;CASTELLÓN;14945613H
20;74.5;178.0;HOMBRE;CASTELLÓN;84605647R
18;76.1;179.5;HOMBRE;CASTELLÓN;52910761W
21;75.2;175.5;HOMBRE;CASTELLÓN;88728559E
23;75.0;177.0;HOMBRE;CASTELLÓN;35946696G
19;75.6;183.0;HOMBRE;CASTELLÓN;39854873H
23;75.6;174.5;HOMBRE;CASTELLÓN;68371681H
17;77.5;182.0;HOMBRE;CASTELLÓN;64850027L
21;83.2;184.0;HOMBRE;CASTELLÓN;32081466R
24;84.5;185.0;HOMBRE;CASTELLÓN;21516504W
18;82.0;174.0;HOMBRE;CASTELLÓN;21087034B
24;78.2;177.5;HOMBRE;CASTELLÓN;69617144N
23;114.6;182.5;HOMBRE;CASTELLÓN;47585333T
19;59.0;171.0;HOMBRE;CASTELLÓN;17694221Q
23;;;MUJER;CASTELLÓN;17866009T
24;53.2;160.5;MUJER;CASTELLÓN;47112916B
15;71.3;165.0;MUJER;CASTELLÓN;41959276O
15;47.9;156.0;MUJER;CASTELLÓN;25768257N
24;40.8;156.0;MUJER;CASTELLÓN;62187313G
15;56.6;165.0;MUJER;CASTELLÓN;42689375Q
18;44.5;158.3;MUJER;CASTELLÓN;26670144U
15;51.1;164.8;MUJER;CASTELLÓN;78120650M
15;56.8;170.0;MUJER;CASTELLÓN;14988560I
20;66.2;164.0;MUJER;CASTELLÓN;73954791V
15;51.7;160.8;MUJER;CASTELLÓN;72709328E
18;54.7;163.0;MUJER;CASTELLÓN;67813370I
23;53.8;160.5;MUJER;CASTELLÓN;51278775L
21;57.2;162.2;MUJER;CASTELLÓN;26841932M
20;56.8;157.5;MUJER;CASTELLÓN;83832601S
17;56.2;159.5;MUJER;CASTELLÓN;60512380S
21;55.7;155.0;MUJER;CASTELLÓN;77820021V
24;60.5;162.0;MUJER;CASTELLÓN;21602398C
24;79.8;174.0;MUJER;CASTELLÓN;71893335G
22;65.2;181.0;HOMBRE;CASTELLÓN;70561978F
26;;;HOMBRE;CASTELLÓN;34958915L
25;58.7;190.3;HOMBRE;CASTELLÓN;76660452O
34;65.2;169.0;HOMBRE;CASTELLÓN;41658647F
29;66.7;170.0;HOMBRE;CASTELLÓN;43462421Z
26;75.4;180.0;HOMBRE;CASTELLÓN;69574197B
25;81.4;184.5;HOMBRE;CASTELLÓN;36075537K
25;74.6;179.5;HOMBRE;CASTELLÓN;52051821M
32;65.2;174.0;HOMBRE;CASTELLÓN;42045170T
26;73.4;171.5;HOMBRE;CASTELLÓN;70089561H
33;74.0;167.3;HOMBRE;CASTELLÓN;23792695S
29;77.4;168.5;HOMBRE;CASTELLÓN;77347604M
32;69.2;167.0;HOMBRE;CASTELLÓN;17994850U
25;76.2;169.0;HOMBRE;CASTELLÓN;70604925H
32;84.3;172.0;HOMBRE;CASTELLÓN;76359823C
31;93.6;183.0;HOMBRE;CASTELLÓN;82887767W
32;85.9;172.0;HOMBRE;CASTELLÓN;15718659E
33;87.8;166.5;HOMBRE;CASTELLÓN;69359462S
30;98.2;167.0;HOMBRE;CASTELLÓN;49475001C
30;58.4;170.0;MUJER;CASTELLÓN;88342036X
29;55.0;165.0;MUJER;CASTELLÓN;37965205N
31;61.2;170.0;MUJER;CASTELLÓN;64076981H
25;49.8;160.0;MUJER;CASTELLÓN;56002945X
26;62.6;170.1;MUJER;CASTELLÓN;40799707E
30;58.7;160.0;MUJER;CASTELLÓN;44793778U
32;50.6;148.0;MUJER;CASTELLÓN;50849305N
32;55.0;154.0;MUJER;CASTELLÓN;73740056M
29;57.0;157.0;MUJER;CASTELLÓN;68328734G
25;67.7;161.0;MUJER;CASTELLÓN;69144727A
27;69.6;165.0;MUJER;CASTELLÓN;86752997H
33;66.8;156.5;MUJER;CASTELLÓN;73868897X
33;71.8;165.5;MUJER;CASTELLÓN;15203295Z
34;67.5;150.5;MUJER;CASTELLÓN;61972578I
25;69.2;157.5;MUJER;CASTELLÓN;71463865J
27;68.0;164.2;MUJER;CASTELLÓN;22933755C
43;74.6;181.0;HOMBRE;CASTELLÓN;54972217R
36;76.4;185.0;HOMBRE;CASTELLÓN;40842654B
44;74.4;173.0;HOMBRE;CASTELLÓN;59095129B
48;54.6;149.0;HOMBRE;CASTELLÓN;66396119R
35;75.2;165.5;HOMBRE;CASTELLÓN;77562339S
35;89.2;188.0;HOMBRE;CASTELLÓN;61757843S
45;72.9;165.0;HOMBRE;CASTELLÓN;57763772R
45;80.0;171.0;HOMBRE;CASTELLÓN;68801151G
46;77.6;170.5;HOMBRE;CASTELLÓN;67985158Q
38;86.3;172.0;HOMBRE;CASTELLÓN;79967371X
49;78.8;165.0;HOMBRE;CASTELLÓN;51665298H
44;73.2;162.3;HOMBRE;CASTELLÓN;43075898O
47;84.9;176.5;HOMBRE;CASTELLÓN;21301769O
36;73.3;163.0;HOMBRE;CASTELLÓN;36719742G
35;79.7;169.0;HOMBRE;CASTELLÓN;52352450J
45;81.6;170.0;HOMBRE;CASTELLÓN;65365391W
38;84.9;173.2;HOMBRE;CASTELLÓN;75500883N
45;79.6;165.0;HOMBRE;CASTELLÓN;13012998W
46;103.6;180.5;HOMBRE;CASTELLÓN;70304296S
45;124.0;179.0;HOMBRE;CASTELLÓN;14387302I
47;88.4;153.0;MUJER;CASTELLÓN;56733044N
43;55.6;155.3;MUJER;CASTELLÓN;71549759E
39;49.2;156.5;MUJER;CASTELLÓN;45781559F
37;52.5;150.3;MUJER;CASTELLÓN;51021093Z
37;60.1;158.5;MUJER;CASTELLÓN;47413545D
35;56.2;159.0;MUJER;CASTELLÓN;30621268Y
45;51.6;152.0;MUJER;CASTELLÓN;82973661G
44;58.3;160.2;MUJER;CASTELLÓN;45395036L
42;60.6;164.5;MUJER;CASTELLÓN;77132869I
48;59.7;158.0;MUJER;CASTELLÓN;36204378T
40;60.4;155.5;MUJER;CASTELLÓN;38952986H
40;65.4;161.5;MUJER;CASTELLÓN;61457214P
42;63.0;160.0;MUJER;CASTELLÓN;31136632D
44;60.5;155.0;MUJER;CASTELLÓN;32038519L
38;67.4;164.0;MUJER;CASTELLÓN;27443190B
42;65.9;162.0;MUJER;CASTELLÓN;75329095T
39;68.1;163.2;MUJER;CASTELLÓN;87139520T
44;76.6;166.0;MUJER;CASTELLÓN;77433498T
46;66.8;155.3;MUJER;CASTELLÓN;70690819L
41;65.6;158.5;MUJER;CASTELLÓN;33326929J
38;69.8;155.0;MUJER;CASTELLÓN;75286148V
49;70.9;155.5;MUJER;CASTELLÓN;14516143P
44;63.8;150.0;MUJER;CASTELLÓN;53941489O
38;80.0;156.0;MUJER;CASTELLÓN;44750831A
58;76.7;165.5;HOMBRE;CASTELLÓN;31823784Z
63;79.0;167.0;HOMBRE;CASTELLÓN;20829352H
58;63.0;160.0;HOMBRE;CASTELLÓN;40069608S
53;74.6;167.0;HOMBRE;CASTELLÓN;55401687G
61;79.4;169.9;HOMBRE;CASTELLÓN;58193242C
58;84.4;174.0;HOMBRE;CASTELLÓN;51106987G
51;75.0;166.5;HOMBRE;CASTELLÓN;76617505M
59;79.8;170.0;HOMBRE;CASTELLÓN;25639416B
58;90.0;179.0;HOMBRE;CASTELLÓN;34486498X
56;61.3;154.9;HOMBRE;CASTELLÓN;18810843G
52;81.3;167.0;HOMBRE;CASTELLÓN;58021454B
51;88.7;173.0;HOMBRE;CASTELLÓN;48573114I
59;90.3;172.0;HOMBRE;CASTELLÓN;54628641Q
64;80.5;160.5;HOMBRE;CASTELLÓN;33842293D
50;97.6;181.5;HOMBRE;CASTELLÓN;63346882U
54;101.6;180.1;HOMBRE;CASTELLÓN;58322083W
53;92.9;168.0;HOMBRE;CASTELLÓN;40971495N
53;108.4;146.5;MUJER;CASTELLÓN;58064401B
59;83.8;160.0;MUJER;CASTELLÓN;42345799Y
61;69.2;153.5;MUJER;CASTELLÓN;56818938T
53;75.0;162.0;MUJER;CASTELLÓN;57248408K
61;64.4;150.0;MUJER;CASTELLÓN;53683807R
64;85.2;152.0;MUJER;CASTELLÓN;62487942Y
64;88.9;153.0;MUJER;CASTELLÓN;58794500E
60;72.0;152.7;MUJER;CASTELLÓN;31050738Z
60;77.9;153.0;MUJER;CASTELLÓN;44493149R
56;71.3;161.0;MUJER;CASTELLÓN;68586416B
61;58.2;162.5;MUJER;CASTELLÓN;88556771Y
51;59.9;150.0;MUJER;CASTELLÓN;27872660Z
55;73.8;168.0;MUJER;CASTELLÓN;59696387V
60;61.4;159.6;MUJER;CASTELLÓN;78421279F
54;81.4;150.0;MUJER;CASTELLÓN;85507534A
93;39.0;158.5;HOMBRE;CASTELLÓN;67598635H
74;77.0;166.0;HOMBRE;CASTELLÓN;83188396H
74;59.3;164.2;HOMBRE;CASTELLÓN;52395397S
66;72.2;175.0;HOMBRE;CASTELLÓN;54886323T
74;65.1;166.2;HOMBRE;CASTELLÓN;38136993Y
73;72.9;172.4;HOMBRE;CASTELLÓN;58751553N
71;80.0;171.5;HOMBRE;CASTELLÓN;71292077E
66;70.9;168.3;HOMBRE;CASTELLÓN;85464587L
73;70.7;164.8;HOMBRE;CASTELLÓN;87998460A
68;97.6;167.5;HOMBRE;CASTELLÓN;87397202K
71;56.2;151.0;MUJER;CASTELLÓN;78764855J
74;51.4;148.0;MUJER;CASTELLÓN;38179940V
75;54.7;153.5;MUJER;CASTELLÓN;60383539S
77;53.9;152.0;MUJER;CASTELLÓN;84476806R
84;70.6;150.0;MUJER;CASTELLÓN;80525682E
78;50.5;160.0;MUJER;CASTELLÓN;71377971H
74;64.0;162.4;MUJER;CASTELLÓN;80740417A
81;62.0;150.0;MUJER;CASTELLÓN;83446078U
18;86.4;173.5;HOMBRE;ALICANTE;63991087N
17;;;HOMBRE;ALICANTE;35259544S
24;61.5;168.0;HOMBRE;ALICANTE;20313988O
21;80.2;176.0;HOMBRE;ALICANTE;28602759F
15;56.0;168.5;HOMBRE;ALICANTE;15117401R
21;71.6;174.0;HOMBRE;ALICANTE;53898542O
17;56.0;170.0;HOMBRE;ALICANTE;57720825V
15;56.1;173.0;HOMBRE;ALICANTE;31007791I
17;50.4;159.7;HOMBRE;ALICANTE;37578682Z
15;63.8;178.5;HOMBRE;ALICANTE;49260266Z
19;67.5;172.2;HOMBRE;ALICANTE;50033312M
17;66.0;179.5;HOMBRE;ALICANTE;29332858Z
15;63.2;178.5;HOMBRE;ALICANTE;34271763E
23;75.6;177.0;HOMBRE;ALICANTE;59138076P
19;74.0;185.0;HOMBRE;ALICANTE;26111833D
21;85.4;186.0;HOMBRE;ALICANTE;34314710O
20;72.0;172.0;HOMBRE;ALICANTE;51837086Q
19;71.8;176.5;HOMBRE;ALICANTE;43505368X
18;83.4;175.0;HOMBRE;ALICANTE;76188035K
22;91.4;188.5;HOMBRE;ALICANTE;33369876T
17;90.9;176.5;HOMBRE;ALICANTE;44149573A
18;51.2;161.5;MUJER;ALICANTE;71850388G
21;54.0;153.0;MUJER;ALICANTE;39339509F
24;53.3;158.5;MUJER;ALICANTE;60855956B
16;52.5;158.0;MUJER;ALICANTE;24909317U
15;;;MUJER;ALICANTE;22246603L
18;61.0;158.0;MUJER;ALICANTE;88857400A
18;54.0;162.5;MUJER;ALICANTE;80998099R
23;51.5;151.0;MUJER;ALICANTE;68071052H
18;43.4;155.0;MUJER;ALICANTE;42216958E
15;52.0;159.0;MUJER;ALICANTE;33756399U
17;54.8;157.0;MUJER;ALICANTE;34744180Q
20;51.6;156.0;MUJER;ALICANTE;40327290F
23;56.5;165.0;MUJER;ALICANTE;47800068X
18;56.4;160.0;MUJER;ALICANTE;49689736G
17;54.5;159.5;MUJER;ALICANTE;49174372R
19;55.0;151.5;MUJER;ALICANTE;73997738P
18;57.5;160.0;MUJER;ALICANTE;55616422L
20;61.7;152.5;MUJER;ALICANTE;50892252J
16;86.0;163.0;MUJER;ALICANTE;77390551P
27;73.3;189.0;HOMBRE;ALICANTE;34014081Z
28;96.8;181.0;HOMBRE;CASTELLÓN;52094768D
25;60.8;161.6;MUJER;ALICANTE;32682724C
27;65.6;154.0;MUJER;ALICANTE;88771506W
27;45.9;162.5;MUJER;ALICANTE;60941850X
28;51.0;154.5;MUJER;ALICANTE;15332136W
29;88.6;160.0;MUJER;ALICANTE;57377249B
34;53.2;154.0;MUJER;ALICANTE;17823062L
30;57.6;160.0;MUJER;ALICANTE;47155863K
27;57.3;161.0;MUJER;ALICANTE;26541303S
31;65.0;159.0;MUJER;ALICANTE;20786405R
31;59.5;156.5;MUJER;ALICANTE;38265834N
48;77.0;168.5;HOMBRE;ALICANTE;49389107G
41;75.8;167.0;HOMBRE;ALICANTE;67469794J
46;69.1;171.0;HOMBRE;ALICANTE;50505729I
49;57.7;162.0;HOMBRE;ALICANTE;28731600F
43;79.6;170.0;HOMBRE;ALICANTE;34185869T
45;71.1;161.0;HOMBRE;ALICANTE;33241035Y
44;89.5;174.0;HOMBRE;ALICANTE;58279136E
36;89.0;179.5;HOMBRE;ALICANTE;41229177F
49;89.7;170.5;HOMBRE;ALICANTE;20872299E
39;102.7;172.0;HOMBRE;ALICANTE;19369154Y
47;70.2;153.0;MUJER;ALICANTE;13227733I
48;57.4;158.0;MUJER;ALICANTE;82930714X
47;66.2;147.0;MUJER;ALICANTE;63132147Z
46;91.2;162.0;MUJER;ALICANTE;13098892A
49;66.2;151.5;MUJER;ALICANTE;80139159E
41;65.1;153.5;MUJER;ALICANTE;76145088Q
46;70.0;160.0;MUJER;ALICANTE;17608327B
37;61.8;158.0;MUJER;ALICANTE;84047336E
42;64.0;167.5;MUJER;ALICANTE;23449119T
39;55.0;154.7;MUJER;ALICANTE;86108792X
40;72.6;150.0;MUJER;ALICANTE;46898181P
47;69.4;157.7;MUJER;ALICANTE;49904471H
39;83.2;162.0;MUJER;ALICANTE;58966288Z
49;75.9;147.0;MUJER;ALICANTE;47928909N
45;83.8;150.0;MUJER;ALICANTE;66353172K
64;63.6;154.0;HOMBRE;ALICANTE;62530889O
53;70.0;170.0;HOMBRE;ALICANTE;55487581O
56;73.6;174.0;HOMBRE;ALICANTE;27657925L
59;67.3;156.5;HOMBRE;ALICANTE;78636014H
51;75.5;163.0;HOMBRE;ALICANTE;65666020X
51;84.2;173.0;HOMBRE;ALICANTE;80010318J
57;73.0;162.3;HOMBRE;ALICANTE;33155141Z
51;83.9;177.0;HOMBRE;ALICANTE;83059555G
55;77.8;157.0;MUJER;ALICANTE;74212473R
52;78.0;150.0;MUJER;ALICANTE;30492427L
60;73.4;154.0;MUJER;ALICANTE;49346160Y
60;62.5;142.5;MUJER;ALICANTE;59524599I
52;79.6;150.0;MUJER;ALICANTE;48916690D
54;80.4;158.5;MUJER;ALICANTE;80611576B
54;67.0;158.0;MUJER;ALICANTE;30234745C
50;89.5;158.0;MUJER;ALICANTE;73525321R
62;102.9;156.0;MUJER;ALICANTE;87955513V
63;80.1;164.4;MUJER;ALICANTE;58708606R
50;68.0;154.0;MUJER;ALICANTE;76102141Y
63;67.4;159.0;MUJER;ALICANTE;60641221K
56;74.6;160.0;MUJER;ALICANTE;15804553P
51;78.8;146.7;MUJER;ALICANTE;29633487V
75;74.6;158.0;HOMBRE;ALICANTE;38051099U
77;49.7;154.5;HOMBRE;ALICANTE;56990726Y
78;78.6;163.0;HOMBRE;ALICANTE;39811926S
74;83.4;167.5;HOMBRE;ALICANTE;33713452D
70;;;HOMBRE;ALICANTE;34099975K
78;73.7;152.2;HOMBRE;ALICANTE;40026661S
80;70.1;170.1;HOMBRE;ALICANTE;16921175T
71;66.0;165.5;HOMBRE;ALICANTE;66825589X
72;90.0;158.5;HOMBRE;ALICANTE;53340231Y
69;92.0;168.0;HOMBRE;ALICANTE;88299089M
72;;;MUJER;ALICANTE;75930353K
79;60.8;144.0;MUJER;ALICANTE;39983714O
76;55.4;149.0;MUJER;ALICANTE;61371320F
73;55.4;147.0;MUJER;ALICANTE;15847500Y
82;76.1;143.0;MUJER;ALICANTE;25854151Q
74;58.2;143.8;MUJER;ALICANTE;30406533X
69;95.0;149.5;MUJER;ALICANTE;62702677K
65;62.7;146.5;MUJER;ALICANTE;88127301O
74;91.6;158.0;MUJER;ALICANTE;79065484G
70;52.5;150.0;MUJER;ALICANTE;41830435N
75;78.1;142.0;MUJER;ALICANTE;65623073L
78;72.5;149.0;MUJER;ALICANTE;78807802G
71;81.4;157.0;MUJER;ALICANTE;72322805V
68;75.0;157.3;MUJER;ALICANTE;58536818X
88;49.8;146.2;MUJER;ALICANTE;64119928T
65;79.0;159.5;MUJER;ALICANTE;46769340S
72;72.5;155.0;MUJER;ALICANTE;53726754I
76;73.3;157.0;MUJER;ALICANTE;62144366Z
74;89.0;165.0;MUJER;ALICANTE;80310947M
70;83.2;155.5;MUJER;ALICANTE;38566463Y
20;64.1;178.0;HOMBRE;ALICANTE;63432776D
22;60.4;173.5;HOMBRE;ALICANTE;55101058G
24;62.0;167.5;HOMBRE;ALICANTE;29375805K
15;66.2;171.0;HOMBRE;ALICANTE;14215514O
23;69.5;172.0;HOMBRE;ALICANTE;30449480C
22;71.7;176.5;HOMBRE;ALICANTE;80826311L
15;74.0;172.5;HOMBRE;ALICANTE;40112555W
20;72.6;167.5;HOMBRE;ALICANTE;79409060W
15;70.6;170.0;HOMBRE;ALICANTE;32382095O
15;69.3;151.0;HOMBRE;ALICANTE;50333941P
22;77.1;169.0;HOMBRE;ALICANTE;84906276V
22;73.8;174.5;HOMBRE;ALICANTE;19884518F
19;78.9;175.0;HOMBRE;ALICANTE;46812287D
15;88.8;177.5;HOMBRE;ALICANTE;73310586Z
22;101.0;178.0;HOMBRE;ALICANTE;23363225O
15;63.6;166.5;MUJER;ALICANTE;58236189P
17;48.3;164.0;MUJER;ALICANTE;89931075X
18;47.8;155.7;MUJER;ALICANTE;81384622W
20;54.1;162.2;MUJER;ALICANTE;59954069L
24;55.0;162.4;MUJER;ALICANTE;33069247M
15;52.6;171.0;MUJER;ALICANTE;55959998W
15;69.4;174.2;MUJER;ALICANTE;69445356Y
15;51.8;157.5;MUJER;ALICANTE;61500161W
18;87.2;167.0;MUJER;ALICANTE;85979951X
24;82.8;169.5;MUJER;ALICANTE;54328012I
34;75.7;156.5;HOMBRE;ALICANTE;61242479R
30;67.5;166.5;HOMBRE;ALICANTE;71721547I
32;69.0;173.2;HOMBRE;ALICANTE;58407977A
30;72.3;175.0;HOMBRE;ALICANTE;30921897K
34;68.6;170.0;HOMBRE;ALICANTE;78507173I
27;84.2;181.5;HOMBRE;ALICANTE;86667103O
32;59.4;161.0;MUJER;ALICANTE;21001140M
25;60.2;161.0;MUJER;ALICANTE;81599357Y
32;51.1;159.0;MUJER;ALICANTE;50978146J
31;54.1;157.5;MUJER;ALICANTE;60039963O
27;67.3;165.5;MUJER;ALICANTE;74813731K
26;62.1;154.0;MUJER;ALICANTE;78550120T
30;62.9;160.0;MUJER;ALICANTE;50806358E
30;69.7;157.5;MUJER;ALICANTE;64764133L
33;82.3;158.0;MUJER;ALICANTE;60684168H
29;88.7;166.3;MUJER;ALICANTE;42904110K
42;;;HOMBRE;ALICANTE;27529084S
36;73.0;173.0;HOMBRE;ALICANTE;74255420B
37;79.7;176.0;HOMBRE;ALICANTE;53597913T
44;73.7;169.8;HOMBRE;ALICANTE;25038158L
47;85.0;172.0;HOMBRE;ALICANTE;70347243U
47;87.3;170.0;HOMBRE;ALICANTE;17307698A
42;99.9;173.0;HOMBRE;ALICANTE;43977785V
40;86.8;156.0;HOMBRE;ALICANTE;59009235J
48;115.1;165.0;HOMBRE;ALICANTE;49990365Q
48;69.4;152.5;MUJER;ALICANTE;52653079G
46;;;MUJER;ALICANTE;51536457W
41;58.7;154.0;MUJER;ALICANTE;67083271C
43;80.9;167.0;MUJER;ALICANTE;70433137I
37;42.3;149.5;MUJER;ALICANTE;19669783U
44;49.7;149.0;MUJER;ALICANTE;28946335Y
40;57.8;150.1;MUJER;ALICANTE;83875548S
47;72.5;154.7;MUJER;ALICANTE;33283982N
51;86.1;160.0;HOMBRE;ALICANTE;44450202L
57;76.6;167.9;HOMBRE;ALICANTE;82243562Y
54;62.4;163.0;HOMBRE;ALICANTE;17479486Z
64;67.1;153.9;HOMBRE;ALICANTE;72065123I
62;103.0;166.0;HOMBRE;ALICANTE;28001501F
50;71.9;151.2;MUJER;ALICANTE;58365030E
63;77.7;167.5;MUJER;ALICANTE;81255781C
60;77.5;152.3;MUJER;ALICANTE;32296201L
56;52.1;170.0;MUJER;ALICANTE;51622351D
57;64.2;147.3;MUJER;ALICANTE;14301408O
51;76.0;181.2;MUJER;ALICANTE;31780837K
59;66.3;155.3;MUJER;ALICANTE;71979229A
60;79.7;153.5;MUJER;ALICANTE;57076620Z
53;66.8;139.4;MUJER;ALICANTE;74384261G
56;57.8;151.9;MUJER;ALICANTE;51708245X
80;78.0;164.0;HOMBRE;ALICANTE;41100336I
67;71.4;163.0;HOMBRE;ALICANTE;15632765C
68;84.8;183.5;HOMBRE;ALICANTE;32124413T
65;75.1;161.5;HOMBRE;ALICANTE;66310225F
74;88.8;168.5;HOMBRE;ALICANTE;87053626E
74;95.1;160.2;HOMBRE;ALICANTE;63089200P
72;59.9;146.5;MUJER;ALICANTE;87611937W
85;55.1;146.5;MUJER;ALICANTE;12325846I
97;46.5;133.0;MUJER;ALICANTE;72795222K
74;54.5;151.5;MUJER;ALICANTE;67942211U
21;;;HOMBRE;ALICANTE;27958554U
20;74.2;172.0;HOMBRE;VALENCIA;46039241Q
16;53.9;165.0;MUJER;VALENCIA;46941128B
15;;;MUJER;VALENCIA;16792334V
21;47.3;161.0;MUJER;VALENCIA;50462782R
24;69.8;177.0;MUJER;VALENCIA;71635653G
19;72.6;183.0;MUJER;VALENCIA;24522794B
24;57.0;160.0;MUJER;VALENCIA;39897820V
20;54.6;152.0;MUJER;VALENCIA;62745624P
18;69.3;172.0;MUJER;VALENCIA;82329456E
19;66.1;169.0;MUJER;ALICANTE;64162875T
29;103.8;176.5;HOMBRE;VALENCIA;49088478A
25;64.2;170.0;HOMBRE;VALENCIA;25897098T
33;75.6;170.0;HOMBRE;VALENCIA;35774908B
26;86.3;179.0;HOMBRE;VALENCIA;14129620D
32;51.5;160.5;MUJER;VALENCIA;73353533G
25;59.9;158.5;MUJER;VALENCIA;43333580C
26;55.7;150.0;MUJER;VALENCIA;67040324I
30;63.0;155.0;MUJER;VALENCIA;18123691T
49;76.0;170.0;HOMBRE;VALENCIA;38351728D
46;94.2;180.0;HOMBRE;VALENCIA;64506451Y
45;58.9;154.5;MUJER;VALENCIA;82458297X
39;60.7;168.0;MUJER;VALENCIA;39597191U
35;58.6;162.0;MUJER;VALENCIA;65193603T
49;59.6;155.0;MUJER;VALENCIA;64678239J
43;70.8;162.0;MUJER;VALENCIA;69402409O
47;80.5;173.0;MUJER;VALENCIA;12368793K
48;75.5;157.0;MUJER;VALENCIA;44063679L
60;65.7;167.0;HOMBRE;VALENCIA;37535735R
61;72.0;170.0;HOMBRE;ALICANTE;19111472O
53;73.4;162.0;HOMBRE;VALENCIA;42861163Q
53;90.0;178.0;HOMBRE;VALENCIA;77777074Z
55;83.5;169.5;HOMBRE;VALENCIA;47327651A
57;63.4;150.0;MUJER;ALICANTE;15160348V
54;62.8;152.8;MUJER;VALENCIA;43161792M
56;77.7;160.0;MUJER;VALENCIA;20614617K
50;60.5;163.0;MUJER;VALENCIA;41916329M
64;62.0;156.0;MUJER;VALENCIA;84648594L
53;56.0;161.0;MUJER;VALENCIA;19970412P
55;62.0;152.3;MUJER;VALENCIA;65537179G
58;81.9;160.0;MUJER;VALENCIA;53984436P
62;66.5;154.0;MUJER;VALENCIA;79709689W
56;73.5;158.6;MUJER;VALENCIA;62573836L
61;81.1;163.5;MUJER;VALENCIA;70046614B
58;86.9;165.2;MUJER;VALENCIA;42088117F
57;70.3;161.5;MUJER;VALENCIA;81513463O
66;59.2;168.0;HOMBRE;VALENCIA;33455770Q
69;76.8;165.0;HOMBRE;VALENCIA;25209946O
70;;;MUJER;ALICANTE;12154058F
79;65.0;156.0;MUJER;VALENCIA;72279858N
72;63.9;149.0;MUJER;VALENCIA;32768618I
70;51.0;155.5;MUJER;ALICANTE;84820382I
71;71.2;162.2;MUJER;VALENCIA;35603120O
67;99.6;172.0;MUJER;VALENCIA;28259183H
66;77.1;158.2;MUJER;VALENCIA;39683085K
21;83.0;179.0;HOMBRE;ALICANTE;32983353C
21;85.4;169.6;HOMBRE;ALICANTE;44407255E
23;53.5;162.4;MUJER;ALICANTE;46168082S
17;54.2;162.5;MUJER;ALICANTE;32639777X
30;60.8;168.4;HOMBRE;ALICANTE;25166999B
26;67.5;170.1;HOMBRE;ALICANTE;66696748K
33;77.5;163.5;HOMBRE;ALICANTE;89716340T
33;52.3;163.0;MUJER;ALICANTE;69917773Q
29;57.3;163.5;MUJER;ALICANTE;64978868S
49;65.8;159.5;HOMBRE;ALICANTE;20571670L
35;87.4;181.0;HOMBRE;ALICANTE;79237272T
40;74.1;163.3;HOMBRE;ALICANTE;70819660N
47;57.4;152.0;MUJER;ALICANTE;25252893Q
48;65.3;159.5;MUJER;ALICANTE;40584972M
42;53.3;151.0;MUJER;ALICANTE;54757482A
38;53.9;154.2;MUJER;ALICANTE;74040685F
62;;;HOMBRE;ALICANTE;36161431K
61;65.9;173.0;HOMBRE;ALICANTE;60813009G
62;70.4;164.1;HOMBRE;ALICANTE;73825950T
63;77.4;154.2;HOMBRE;ALICANTE;60254698W
64;78.9;147.5;MUJER;ALICANTE;45266195J
63;66.7;150.4;MUJER;ALICANTE;76918134X
52;64.8;161.8;MUJER;ALICANTE;16749387P
64;97.6;151.0;MUJER;ALICANTE;56904832V
73;52.3;154.5;HOMBRE;ALICANTE;67169165S
77;76.1;160.2;HOMBRE;ALICANTE;12583528I
70;54.9;156.2;HOMBRE;ALICANTE;56217680P
85;51.0;148.3;HOMBRE;ALICANTE;54585694H
70;88.5;154.3;MUJER;ALICANTE;26326568Q
66;57.7;153.0;MUJER;ALICANTE;47241757Q
18;81.3;172.0;HOMBRE;CASTELLÓN;25553522M
17;68.9;180.0;HOMBRE;CASTELLÓN;47628280W
22;48.9;159.6;MUJER;ALICANTE;65236550L
21;45.4;153.0;MUJER;ALICANTE;69660091F
27;67.7;165.0;HOMBRE;CASTELLÓN;37879311T
31;77.1;175.5;HOMBRE;CASTELLÓN;59481652A
27;50.9;158.0;MUJER;CASTELLÓN;33198088O
28;56.2;163.0;MUJER;CASTELLÓN;58150295Z
31;51.1;150.0;MUJER;CASTELLÓN;61156585K
25;61.5;168.0;MUJER;CASTELLÓN;68285787R
34;52.2;159.0;MUJER;CASTELLÓN;85206905D
25;62.0;162.0;MUJER;VALENCIA;83660813I
37;114.5;177.0;HOMBRE;CASTELLÓN;57506090J
39;74.3;169.0;HOMBRE;CASTELLÓN;86924785I
38;84.7;172.0;HOMBRE;CASTELLÓN;26884879V
47;49.9;152.0;MUJER;VALENCIA;29676434D
36;63.0;162.0;MUJER;CASTELLÓN;72580487S
39;54.1;154.0;MUJER;CASTELLÓN;44922619J
46;59.3;150.0;MUJER;CASTELLÓN;17221804T
49;63.0;156.0;MUJER;CASTELLÓN;63046253P
62;69.7;164.0;HOMBRE;CASTELLÓN;89587499O
61;65.0;168.0;HOMBRE;VALENCIA;34443551F
63;77.6;157.5;MUJER;CASTELLÓN;16534652V
63;78.3;154.5;MUJER;CASTELLÓN;65021815J
57;57.2;146.5;MUJER;CASTELLÓN;84305018M
57;75.3;158.0;MUJER;CASTELLÓN;13957832I
60;101.0;162.0;MUJER;CASTELLÓN;41358018Q
76;69.3;161.0;HOMBRE;CASTELLÓN;74641943P
73;82.6;162.0;HOMBRE;VALENCIA;84090283E
72;82.7;165.0;HOMBRE;CASTELLÓN;20485776Q
67;63.3;145.0;MUJER;CASTELLÓN;32596830Z
86;56.0;145.0;MUJER;VALENCIA;32940406S
22;67.9;172.0;HOMBRE;ALICANTE;73138798Q
21;74.8;178.5;HOMBRE;ALICANTE;79752636H
16;76.5;171.5;HOMBRE;ALICANTE;72365752N
20;62.0;166.5;MUJER;VALENCIA;41143283Q
15;53.5;168.5;MUJER;ALICANTE;19798624E
29;83.9;185.5;HOMBRE;ALICANTE;27357296H
31;84.2;173.5;HOMBRE;ALICANTE;47370598B
29;63.1;167.5;MUJER;ALICANTE;65966649F
34;53.5;156.5;MUJER;ALICANTE;20700511Y
25;54.9;165.0;MUJER;ALICANTE;44707884U
46;75.0;170.0;HOMBRE;ALICANTE;24780476Z
40;80.4;173.0;HOMBRE;ALICANTE;68929992M
43;89.3;171.5;HOMBRE;ALICANTE;73911844P
43;82.5;166.5;HOMBRE;ALICANTE;31523155P
42;;;MUJER;ALICANTE;36633848R
39;74.9;161.0;MUJER;ALICANTE;52953708I
39;67.5;162.0;MUJER;ALICANTE;49861524W
50;;;HOMBRE;ALICANTE;75028466W
51;68.6;159.5;HOMBRE;ALICANTE;84004389E
60;103.3;174.0;HOMBRE;ALICANTE;24952264V
56;65.8;158.0;MUJER;ALICANTE;78378332A
54;72.5;155.5;MUJER;ALICANTE;42775269G
58;83.6;154.5;MUJER;ALICANTE;17050016J
64;90.8;155.0;MUJER;ALICANTE;52524238N
74;59.7;156.0;HOMBRE;ALICANTE;53640860K
68;70.7;165.0;HOMBRE;ALICANTE;66782642B
65;89.5;172.5;HOMBRE;ALICANTE;79537901C
75;91.6;165.0;HOMBRE;ALICANTE;12841210G
69;;;MUJER;ALICANTE;18596108C
65;62.5;148.0;MUJER;ALICANTE;36934477A
16;71.4;171.0;HOMBRE;VALENCIA;67212112B
23;73.7;178.0;HOMBRE;VALENCIA;45824506G
23;62.3;165.0;MUJER;VALENCIA;44020732I
22;62.2;155.0;MUJER;VALENCIA;39253615N
32;73.1;166.0;HOMBRE;VALENCIA;88599718J
32;60.0;183.0;HOMBRE;VALENCIA;74427208S
25;75.7;174.0;HOMBRE;VALENCIA;61543108D
32;78.4;174.5;HOMBRE;VALENCIA;56647150O
25;75.3;164.0;HOMBRE;VALENCIA;51579404D
25;83.0;172.0;HOMBRE;VALENCIA;37363947T
31;89.2;171.5;HOMBRE;VALENCIA;34830074H
32;114.2;178.0;HOMBRE;VALENCIA;41272124L
25;52.8;160.5;MUJER;VALENCIA;56775991L
32;51.3;157.0;MUJER;VALENCIA;72666381M
26;51.2;150.0;MUJER;VALENCIA;42388746P
31;61.2;161.0;MUJER;VALENCIA;80439788P
25;62.1;157.0;MUJER;VALENCIA;78464226M
28;73.2;165.0;MUJER;VALENCIA;50548676W
32;73.2;158.0;MUJER;VALENCIA;79838530J
45;102.0;166.5;HOMBRE;VALENCIA;41057389T
39;69.8;168.5;HOMBRE;VALENCIA;89458658A
37;64.5;162.5;HOMBRE;VALENCIA;24995211R
42;74.7;171.5;HOMBRE;VALENCIA;43204739I
42;87.9;180.0;HOMBRE;VALENCIA;57935560P
41;92.0;169.5;HOMBRE;VALENCIA;59997016D
36;112.5;165.0;HOMBRE;VALENCIA;22719020E
41;69.9;148.5;MUJER;VALENCIA;23964483P
39;45.6;146.5;MUJER;VALENCIA;88685612O
35;52.0;153.0;MUJER;VALENCIA;61328373E
45;71.7;156.0;MUJER;VALENCIA;74770784J
62;62.4;157.5;HOMBRE;VALENCIA;81985880K
51;78.0;170.0;HOMBRE;VALENCIA;66567907Q
53;74.9;155.0;HOMBRE;VALENCIA;66739695Q
57;68.9;157.0;HOMBRE;VALENCIA;13871938X
54;93.7;166.0;HOMBRE;VALENCIA;27228455J
52;61.6;160.0;MUJER;VALENCIA;40413184E
59;62.7;155.5;MUJER;VALENCIA;63389829Y
50;69.9;151.5;MUJER;VALENCIA;61886684N
72;66.3;169.0;HOMBRE;ALICANTE;60125857I
68;77.7;166.0;HOMBRE;VALENCIA;76961081U
70;82.8;160.0;MUJER;VALENCIA;72108070K
68;105.2;153.0;MUJER;VALENCIA;53168443G
16;52.2;166.5;HOMBRE;VALENCIA;63819299N
21;62.3;175.0;HOMBRE;VALENCIA;12712369Q
19;70.0;180.0;HOMBRE;VALENCIA;81942933I
17;59.0;172.0;MUJER;VALENCIA;63647511B
17;66.4;164.0;MUJER;VALENCIA;83789654O
28;68.9;178.0;HOMBRE;VALENCIA;86452368L
27;78.0;170.0;HOMBRE;VALENCIA;21215875F
31;89.0;168.0;HOMBRE;VALENCIA;44965566T
26;90.9;162.0;HOMBRE;VALENCIA;16878228Z
26;52.2;165.5;MUJER;VALENCIA;45137354Q
25;85.0;162.0;MUJER;VALENCIA;89802234L
31;54.0;165.5;MUJER;VALENCIA;43290633B
30;51.3;147.0;MUJER;VALENCIA;80912205M
26;92.9;174.0;MUJER;VALENCIA;29204017E
39;97.0;168.5;HOMBRE;VALENCIA;75543830W
49;107.0;176.0;HOMBRE;VALENCIA;48530167A
38;65.8;161.0;MUJER;VALENCIA;52738973Y
43;94.0;166.0;MUJER;VALENCIA;25424681K
57;85.9;181.0;HOMBRE;VALENCIA;88513824J
52;89.7;161.5;HOMBRE;VALENCIA;65451285W
62;83.5;153.0;MUJER;VALENCIA;49002584A
61;53.7;157.5;MUJER;VALENCIA;23620907P
64;93.8;162.0;MUJER;VALENCIA;82801873M
66;96.9;169.0;HOMBRE;VALENCIA;43763050R
68;96.8;170.0;HOMBRE;VALENCIA;23749748I
80;43.8;149.0;MUJER;VALENCIA;71678600F
74;43.5;142.0;MUJER;VALENCIA;21344716T
20;72.8;181.0;HOMBRE;VALENCIA;55315793T
23;86.4;179.0;HOMBRE;VALENCIA;52824867R
17;46.0;160.0;MUJER;VALENCIA;69531250W
16;47.5;166.0;MUJER;VALENCIA;77905915N
15;55.7;156.0;MUJER;VALENCIA;84390912W
25;68.2;166.0;HOMBRE;VALENCIA;46082188E
27;82.8;174.0;HOMBRE;VALENCIA;49732683W
30;85.4;170.0;HOMBRE;VALENCIA;83317237G
26;54.5;158.0;MUJER;VALENCIA;45223248N
32;74.5;165.0;MUJER;VALENCIA;35860802I
27;80.8;161.0;MUJER;VALENCIA;20915246R
41;69.9;164.0;HOMBRE;VALENCIA;23234384W
37;93.0;177.0;HOMBRE;VALENCIA;32339148C
40;89.8;160.5;MUJER;VALENCIA;55186952U
49;88.5;154.2;MUJER;VALENCIA;88041407F
52;63.2;164.0;HOMBRE;VALENCIA;14258461Z
53;66.8;170.0;HOMBRE;VALENCIA;34357657P
58;76.4;170.0;HOMBRE;VALENCIA;77004028W
63;87.7;157.0;MUJER;VALENCIA;13828991T
54;83.4;152.0;MUJER;VALENCIA;78678961Y
67;72.1;161.0;HOMBRE;VALENCIA;47971856W
70;78.0;170.0;HOMBRE;VALENCIA;64291716A
67;77.6;150.0;MUJER;VALENCIA;40542025D
76;85.5;160.0;MUJER;VALENCIA;71034395Q
18;65.3;187.0;HOMBRE;VALENCIA;22676073Z
23;86.8;186.5;HOMBRE;VALENCIA;57978507Y
15;46.1;158.0;MUJER;VALENCIA;40670866E
18;58.2;170.0;MUJER;VALENCIA;69874826N
22;51.3;156.5;MUJER;VALENCIA;17264751B
19;98.4;169.0;MUJER;VALENCIA;37664576I
33;66.3;168.5;HOMBRE;VALENCIA;26927826Q
30;78.3;172.5;HOMBRE;VALENCIA;68414628J
34;86.4;178.0;HOMBRE;VALENCIA;44579043N
27;48.2;162.0;MUJER;VALENCIA;22590179O
27;49.5;159.0;MUJER;VALENCIA;20099253Q
48;72.4;168.5;HOMBRE;VALENCIA;82715979Q
44;91.2;167.3;HOMBRE;VALENCIA;57892613L
35;56.7;166.0;MUJER;VALENCIA;35173650E
42;77.6;151.5;MUJER;VALENCIA;82587138M
50;57.8;156.5;HOMBRE;VALENCIA;75801512U
54;74.3;169.5;HOMBRE;VALENCIA;86967732B
52;92.0;176.0;HOMBRE;VALENCIA;41315071I
50;59.8;152.0;MUJER;VALENCIA;12798263L
56;71.5;164.5;MUJER;VALENCIA;39382456Q
53;76.0;162.0;MUJER;VALENCIA;47499439Q
53;75.5;151.0;MUJER;VALENCIA;31222526T
68;90.3;166.0;HOMBRE;VALENCIA;80697470M
72;94.8;170.0;HOMBRE;VALENCIA;86538262J
67;65.7;156.0;MUJER;VALENCIA;87697831C
72;79.0;164.0;MUJER;VALENCIA;70948501U
82;60.8;146.0;MUJER;VALENCIA;40885601V
23;60.5;174.0;HOMBRE;VALENCIA;80225053G
15;62.0;180.0;HOMBRE;VALENCIA;70261349E
19;66.3;170.0;HOMBRE;VALENCIA;79022537D
19;69.0;179.0;HOMBRE;VALENCIA;27271402J
18;61.2;170.0;HOMBRE;VALENCIA;17092963M
23;80.0;178.0;HOMBRE;VALENCIA;57162514Y
17;90.0;184.0;HOMBRE;VALENCIA;27572031H
24;72.0;167.0;HOMBRE;VALENCIA;26025939L
19;54.8;172.0;MUJER;VALENCIA;86624156Q
22;57.0;168.0;MUJER;VALENCIA;69058833Z
15;50.8;158.0;MUJER;VALENCIA;29075176Q
24;51.8;158.0;MUJER;VALENCIA;36848583M
23;64.6;163.0;MUJER;VALENCIA;28345077N
15;73.5;173.0;MUJER;VALENCIA;73095851T
17;84.0;167.0;MUJER;VALENCIA;87654884J
26;72.2;178.0;HOMBRE;VALENCIA;85722269T
33;61.0;168.0;HOMBRE;VALENCIA;16620546S
28;73.1;173.0;HOMBRE;VALENCIA;67340953P
28;76.0;180.0;HOMBRE;VALENCIA;71506812P
26;75.0;180.0;HOMBRE;VALENCIA;54714535Z
32;72.1;170.0;HOMBRE;VALENCIA;27915607H
34;79.0;178.0;HOMBRE;VALENCIA;45094407H
32;82.0;168.0;HOMBRE;VALENCIA;48959637X
31;88.1;170.0;HOMBRE;VALENCIA;42603481V
28;89.7;178.0;HOMBRE;VALENCIA;57291355T
33;81.0;165.0;HOMBRE;VALENCIA;33584611U
31;65.7;160.5;MUJER;VALENCIA;37235106E
28;66.7;169.0;MUJER;VALENCIA;35345438W
27;72.4;166.0;MUJER;VALENCIA;56174733Z
27;77.2;171.0;MUJER;VALENCIA;52696026A
31;65.7;155.0;MUJER;VALENCIA;58107348I
28;80.0;167.0;MUJER;VALENCIA;52180662O
43;80.0;178.0;HOMBRE;VALENCIA;55444634J
36;64.3;168.0;HOMBRE;VALENCIA;81298728H
40;74.9;169.0;HOMBRE;VALENCIA;83102502V
36;86.2;180.0;HOMBRE;VALENCIA;56432415J
43;81.0;170.0;HOMBRE;VALENCIA;15074454E
38;73.0;156.0;HOMBRE;VALENCIA;74598996Z
42;67.0;156.0;MUJER;VALENCIA;18295479L
35;55.7;161.0;MUJER;VALENCIA;85851110N
35;58.9;156.0;MUJER;VALENCIA;81212834D
41;50.0;148.0;MUJER;VALENCIA;87783725N
36;74.4;172.0;MUJER;VALENCIA;20528723W
36;58.5;153.0;MUJER;VALENCIA;74727837K
38;62.0;157.0;MUJER;VALENCIA;57420196F
41;76.0;170.0;MUJER;VALENCIA;70132508A
37;77.8;170.0;MUJER;VALENCIA;21988921J
42;76.0;163.0;MUJER;VALENCIA;28860441A
45;77.2;161.0;MUJER;VALENCIA;40756760E
47;98.0;180.0;MUJER;VALENCIA;37492788Q
62;61.8;154.0;HOMBRE;VALENCIA;81470516Z
53;64.8;167.0;HOMBRE;VALENCIA;50634570T
56;68.0;160.0;HOMBRE;VALENCIA;69273568Y
54;90.0;182.0;HOMBRE;VALENCIA;32467989V
54;77.0;173.0;HOMBRE;VALENCIA;76703399E
63;62.8;155.0;HOMBRE;VALENCIA;38394675J
63;64.2;148.0;MUJER;VALENCIA;76059194K
63;67.5;164.5;MUJER;VALENCIA;32811565X
58;71.3;161.0;MUJER;VALENCIA;78163597U
73;56.9;162.0;HOMBRE;VALENCIA;28516865H
71;91.0;165.0;HOMBRE;VALENCIA;22847861F
65;50.7;150.0;MUJER;VALENCIA;27829713W
73;71.3;155.0;MUJER;VALENCIA;27786766C
67;70.9;160.0;MUJER;VALENCIA;80396841Y
67;61.0;147.1;MUJER;VALENCIA;75887406P
20;61.5;178.1;HOMBRE;VALENCIA;17522433L
20;79.5;177.5;HOMBRE;VALENCIA;19455048D
18;73.2;188.0;HOMBRE;VALENCIA;45910400A
23;70.1;166.5;HOMBRE;VALENCIA;13571309S
21;;;HOMBRE;VALENCIA;24222165Q
20;68.3;169.8;HOMBRE;VALENCIA;26713091H
21;101.3;180.0;HOMBRE;VALENCIA;39468350W
22;77.8;167.5;HOMBRE;VALENCIA;77862968B
15;43.0;161.8;HOMBRE;VALENCIA;41873382G
16;75.2;183.0;HOMBRE;VALENCIA;18553161C
20;74.2;182.0;HOMBRE;VALENCIA;61629002Y
21;59.4;183.0;HOMBRE;VALENCIA;23878589A
19;58.6;179.5;HOMBRE;VALENCIA;27013720G
18;62.4;185.4;HOMBRE;VALENCIA;77991809H
17;62.2;177.0;HOMBRE;VALENCIA;60426486C
19;55.7;170.0;HOMBRE;VALENCIA;64721186H
19;59.1;179.0;HOMBRE;VALENCIA;64463504D
18;68.8;186.0;HOMBRE;VALENCIA;27185508G
20;64.1;179.5;HOMBRE;VALENCIA;34787127B
20;67.1;183.0;HOMBRE;VALENCIA;59395758X
15;65.5;177.0;HOMBRE;VALENCIA;59567546R
15;56.9;168.0;HOMBRE;VALENCIA;82114721N
22;58.3;172.0;HOMBRE;VALENCIA;85937004M
20;48.0;159.0;HOMBRE;VALENCIA;82157668V
17;54.1;162.5;HOMBRE;VALENCIA;40456131P
15;68.3;178.0;HOMBRE;VALENCIA;33541664M
16;61.8;171.0;HOMBRE;VALENCIA;78721908J
22;53.5;160.0;HOMBRE;VALENCIA;30020010Q
20;77.0;191.0;HOMBRE;VALENCIA;26369515T
19;64.0;175.0;HOMBRE;VALENCIA;47284704J
21;62.2;170.5;HOMBRE;VALENCIA;12454687Y
21;64.6;171.5;HOMBRE;VALENCIA;60297645Y
15;51.3;166.5;HOMBRE;VALENCIA;26283621O
24;69.3;180.3;HOMBRE;VALENCIA;21129981A
24;72.5;184.5;HOMBRE;VALENCIA;25940045K
20;63.8;173.0;HOMBRE;VALENCIA;38824145L
21;67.1;180.0;HOMBRE;VALENCIA;85421640R
18;64.3;171.5;HOMBRE;VALENCIA;34615339W
18;71.6;176.0;HOMBRE;ALICANTE;19412101E
24;78.0;183.0;HOMBRE;VALENCIA;39511297W
19;69.0;179.5;HOMBRE;VALENCIA;77175816M
17;67.0;176.0;HOMBRE;VALENCIA;46211029S
16;66.7;173.0;HOMBRE;VALENCIA;32425042F
18;65.0;172.0;HOMBRE;VALENCIA;23406172Q
17;81.0;184.0;HOMBRE;VALENCIA;72494593W
19;71.5;175.4;HOMBRE;VALENCIA;48100697I
21;71.9;174.0;HOMBRE;VALENCIA;51321722L
17;73.9;179.0;HOMBRE;VALENCIA;53383178P
20;64.4;171.0;HOMBRE;VALENCIA;69101780D
20;71.4;177.0;HOMBRE;VALENCIA;68715257M
19;82.5;191.0;HOMBRE;VALENCIA;47757121T
22;76.3;179.0;HOMBRE;VALENCIA;23577960X
22;75.6;185.0;HOMBRE;VALENCIA;83016608G
15;68.4;173.5;HOMBRE;VALENCIA;14086673D
18;65.9;167.5;HOMBRE;VALENCIA;24823423L
20;65.0;169.0;HOMBRE;VALENCIA;80353894I
22;78.9;181.5;HOMBRE;VALENCIA;24866370S
16;65.8;170.0;HOMBRE;VALENCIA;15503924L
21;75.0;181.0;HOMBRE;VALENCIA;30707162S
19;76.3;181.0;HOMBRE;VALENCIA;87869619O
22;64.4;167.5;HOMBRE;VALENCIA;41186230O
16;79.3;179.0;HOMBRE;VALENCIA;45352089Y
19;61.5;161.5;HOMBRE;VALENCIA;16276970U
23;75.2;178.5;HOMBRE;VALENCIA;33885240P
23;76.6;178.5;HOMBRE;VALENCIA;20356935E
24;76.2;176.5;HOMBRE;VALENCIA;21688292I
23;85.0;177.0;HOMBRE;VALENCIA;30191798X
21;74.9;174.5;HOMBRE;VALENCIA;58837447O
23;81.0;179.0;HOMBRE;VALENCIA;58880394S
16;82.0;180.5;HOMBRE;VALENCIA;78850749X
15;76.0;168.0;HOMBRE;VALENCIA;23921536G
23;98.8;192.0;HOMBRE;VALENCIA;24393953L
20;77.3;175.0;HOMBRE;VALENCIA;41787488G
20;79.9;177.0;HOMBRE;VALENCIA;64635292G
22;79.2;181.5;HOMBRE;VALENCIA;54199171O
23;79.8;179.5;HOMBRE;VALENCIA;20657564N
20;82.3;178.0;HOMBRE;VALENCIA;17651274W
24;88.6;185.4;HOMBRE;VALENCIA;68500522Y
21;75.0;172.0;HOMBRE;VALENCIA;63733405W
20;89.5;181.0;HOMBRE;VALENCIA;40627919Q
23;90.6;183.2;HOMBRE;VALENCIA;38652357L
19;80.2;171.0;HOMBRE;VALENCIA;81857039I
19;91.7;188.0;HOMBRE;ALICANTE;24308059J
19;72.8;170.0;HOMBRE;VALENCIA;46296923A
21;87.1;177.0;HOMBRE;VALENCIA;22160709A
17;80.1;172.5;HOMBRE;VALENCIA;13914885C
24;81.7;167.0;HOMBRE;VALENCIA;22890808V
23;62.5;160.5;HOMBRE;VALENCIA;77691180Z
18;84.0;167.0;HOMBRE;VALENCIA;42474640Q
19;98.5;191.0;HOMBRE;VALENCIA;58579765Y
17;80.6;170.0;HOMBRE;VALENCIA;89415711L
21;77.6;166.0;HOMBRE;VALENCIA;22074815M
19;104.2;176.0;HOMBRE;VALENCIA;32510936I
24;83.3;168.0;HOMBRE;ALICANTE;78249491O
24;89.3;168.0;HOMBRE;VALENCIA;66954430I
17;129.8;201.0;HOMBRE;VALENCIA;17393592A
19;102.1;167.5;HOMBRE;VALENCIA;40499078V
20;70.1;171.0;HOMBRE;VALENCIA;23492066C
21;51.6;161.0;MUJER;VALENCIA;17350645V
15;57.0;167.5;MUJER;VALENCIA;13485415H
23;54.8;165.0;MUJER;VALENCIA;54671588J
14;;;MUJER;VALENCIA;79108431Y
19;48.6;160.0;MUJER;VALENCIA;37149212O
19;64.5;155.0;MUJER;VALENCIA;47671227W
18;36.2;154.0;MUJER;VALENCIA;42259905X
15;47.6;158.0;MUJER;VALENCIA;87268361L
16;46.1;156.5;MUJER;VALENCIA;16663493N
22;58.2;176.5;MUJER;VALENCIA;35130703O
15;50.2;165.0;MUJER;VALENCIA;75114360J
15;42.7;152.6;MUJER;VALENCIA;24093324B
16;53.6;166.0;MUJER;VALENCIA;42517587C
15;46.4;158.5;MUJER;VALENCIA;76230982U
18;43.1;162.0;MUJER;VALENCIA;19540942I
17;46.8;158.0;MUJER;VALENCIA;80053265Y
15;51.9;167.0;MUJER;VALENCIA;26068886P
15;45.5;155.5;MUJER;VALENCIA;41400965R
17;51.5;162.0;MUJER;VALENCIA;18381373B
14;48.0;158.5;MUJER;VALENCIA;64549398X
23;56.8;167.0;MUJER;VALENCIA;48315432Q
21;64.4;170.1;MUJER;VALENCIA;80482735Y
18;57.9;166.0;MUJER;VALENCIA;57205461K
21;54.0;165.0;MUJER;VALENCIA;52137715X
14;53.7;165.0;MUJER;VALENCIA;74470155E
17;58.3;165.0;MUJER;VALENCIA;63561617F
21;52.7;163.0;MUJER;VALENCIA;21645345C
17;52.0;169.0;MUJER;VALENCIA;30277692X
20;59.4;168.5;MUJER;VALENCIA;48229538L
23;57.0;170.0;MUJER;VALENCIA;31952625W
22;50.9;162.3;MUJER;VALENCIA;29504646W
23;55.5;165.5;MUJER;VALENCIA;82415350G
20;56.8;156.5;MUJER;VALENCIA;29032229Q
20;51.2;160.5;MUJER;VALENCIA;80783364S
20;51.0;159.0;MUJER;VALENCIA;76316876S
18;51.5;160.6;MUJER;VALENCIA;49303213Z
18;49.0;164.0;MUJER;VALENCIA;87440149K
16;48.4;156.5;MUJER;VALENCIA;79280219R
23;58.3;164.0;MUJER;VALENCIA;86280580L
16;63.9;178.0;MUJER;VALENCIA;35989643U
22;49.6;157.0;MUJER;VALENCIA;24479847G
17;50.0;158.0;MUJER;VALENCIA;79580848Z
19;56.6;158.5;MUJER;VALENCIA;62058472W
20;51.0;157.5;MUJER;VALENCIA;59610493E
22;63.1;170.5;MUJER;VALENCIA;55831157J
15;62.7;172.0;MUJER;VALENCIA;12669422K
21;60.0;171.0;MUJER;VALENCIA;29719381X
24;55.8;165.5;MUJER;VALENCIA;26970773Z
17;50.8;156.0;MUJER;VALENCIA;54370959S
16;61.3;168.3;MUJER;VALENCIA;23835642O
18;57.7;152.0;MUJER;VALENCIA;62788571Y
22;56.5;165.0;MUJER;VALENCIA;76488664P
24;57.7;165.0;MUJER;VALENCIA;60469433B
22;51.4;156.5;MUJER;VALENCIA;54113277X
17;49.1;154.5;MUJER;VALENCIA;15976341O
22;53.7;150.0;MUJER;VALENCIA;12970051E
21;58.0;163.5;MUJER;VALENCIA;60770062D
24;51.6;152.0;MUJER;VALENCIA;12540581X
19;60.2;160.0;MUJER;VALENCIA;13700150Q
16;50.4;152.0;MUJER;VALENCIA;46382817J
23;54.5;160.6;MUJER;VALENCIA;57549037U
24;57.6;164.5;MUJER;VALENCIA;76574558W
19;51.1;159.0;MUJER;VALENCIA;19197366G
23;61.3;169.5;MUJER;VALENCIA;77605286W
19;56.6;163.0;MUJER;VALENCIA;89673393U
23;53.6;159.9;MUJER;VALENCIA;22461338U
20;49.2;155.5;MUJER;ALICANTE;61929631W
19;56.5;161.5;MUJER;VALENCIA;28903388P
18;59.5;163.0;MUJER;VALENCIA;85163958U
17;59.0;162.7;MUJER;VALENCIA;44664937H
18;48.5;154.0;MUJER;VALENCIA;62402048Q
18;59.0;159.0;MUJER;VALENCIA;67770423O
21;57.1;161.0;MUJER;VALENCIA;16362864I
18;55.7;156.0;MUJER;VALENCIA;65322444U
19;53.0;150.0;MUJER;VALENCIA;85550481A
22;60.8;167.0;MUJER;VALENCIA;85292799B
19;58.0;165.0;MUJER;VALENCIA;89329817T
23;56.8;160.0;MUJER;VALENCIA;50162153R
18;56.3;158.5;MUJER;VALENCIA;80869258L
24;55.3;148.0;MUJER;VALENCIA;25725310K
16;50.2;160.0;MUJER;VALENCIA;28989282G
21;53.9;164.0;MUJER;VALENCIA;57591984B
15;46.6;152.0;MUJER;VALENCIA;30664215L
19;55.3;157.0;MUJER;VALENCIA;23663854T
22;57.4;158.0;MUJER;VALENCIA;48873743J
21;63.9;169.0;MUJER;VALENCIA;36333219T
17;52.8;152.0;MUJER;VALENCIA;28173289A
18;61.5;160.5;MUJER;VALENCIA;73783003L
23;52.6;152.5;MUJER;VALENCIA;82200615S
16;63.8;160.5;MUJER;VALENCIA;15675712T
21;72.1;170.0;MUJER;VALENCIA;36032590P
17;65.0;167.0;MUJER;VALENCIA;80654523X
15;63.6;177.0;MUJER;VALENCIA;76789293F
17;64.5;163.0;MUJER;VALENCIA;36805636D
16;59.5;156.0;MUJER;VALENCIA;50763411H
19;64.5;163.0;MUJER;VALENCIA;13442468E
16;62.1;159.0;MUJER;VALENCIA;67555688G
17;66.8;163.0;MUJER;VALENCIA;55874104N
18;64.7;163.2;MUJER;VALENCIA;65837808V
15;66.0;165.0;MUJER;VALENCIA;24007430E
23;62.0;156.0;MUJER;VALENCIA;66267278O
18;69.0;156.0;MUJER;VALENCIA;87182467T
17;73.5;165.0;MUJER;VALENCIA;65107709Y
21;63.9;152.0;MUJER;VALENCIA;70390190K
18;81.2;158.0;MUJER;VALENCIA;60168804F
15;79.6;161.0;MUJER;VALENCIA;51192881S
30;84.0;174.5;HOMBRE;VALENCIA;47885962E
27;;;HOMBRE;VALENCIA;12197005B
30;66.1;170.0;HOMBRE;VALENCIA;64807080O
32;72.6;168.0;HOMBRE;VALENCIA;63905193I
30;;;HOMBRE;VALENCIA;21559451J
33;63.9;173.0;HOMBRE;VALENCIA;19755677X
32;62.3;163.5;HOMBRE;VALENCIA;17908956Z
28;50.7;164.5;HOMBRE;VALENCIA;24737529J
25;63.9;182.0;HOMBRE;VALENCIA;68672310T
29;68.0;181.5;HOMBRE;VALENCIA;22633126K
34;55.2;166.0;HOMBRE;VALENCIA;36977424A
32;58.2;172.0;HOMBRE;VALENCIA;50205100B
26;54.8;167.5;HOMBRE;VALENCIA;43891891B
29;70.0;180.0;HOMBRE;VALENCIA;89501605R
28;72.5;172.5;HOMBRE;VALENCIA;45996294G
26;67.0;176.0;HOMBRE;VALENCIA;86495315S
28;61.4;169.0;HOMBRE;VALENCIA;27400243O
29;71.2;178.0;HOMBRE;VALENCIA;22289550C
30;73.3;178.5;HOMBRE;VALENCIA;28817494M
32;70.0;181.0;HOMBRE;VALENCIA;71807441H
27;72.0;180.0;HOMBRE;VALENCIA;86151739U
30;71.5;179.0;HOMBRE;VALENCIA;65923702R
25;75.9;184.6;HOMBRE;VALENCIA;21473557W
30;73.3;180.0;HOMBRE;VALENCIA;87311308C
32;78.9;187.0;HOMBRE;VALENCIA;70733766R
32;71.2;176.0;HOMBRE;VALENCIA;12239952K
29;68.4;171.0;HOMBRE;VALENCIA;49560895Z
25;78.7;177.5;HOMBRE;VALENCIA;26240674R
26;64.1;165.0;HOMBRE;VALENCIA;66138437N
33;80.4;176.5;HOMBRE;VALENCIA;17780115R
28;64.2;167.5;HOMBRE;VALENCIA;20442829N
33;67.2;167.0;HOMBRE;VALENCIA;33112194W
27;74.4;175.0;HOMBRE;VALENCIA;51364669X
31;75.2;178.5;HOMBRE;VALENCIA;68156946T
27;67.6;167.5;HOMBRE;VALENCIA;75758565Z
29;82.0;182.0;HOMBRE;VALENCIA;81041046W
31;72.0;171.0;HOMBRE;VALENCIA;44621990H
32;77.6;178.0;HOMBRE;VALENCIA;83961442F
26;80.9;181.0;HOMBRE;VALENCIA;55358740G
27;75.9;174.0;HOMBRE;VALENCIA;61070691C
31;91.2;190.5;HOMBRE;VALENCIA;19240313W
32;70.1;171.0;HOMBRE;VALENCIA;43934838U
32;76.8;176.0;HOMBRE;VALENCIA;68457575F
30;85.3;184.3;HOMBRE;VALENCIA;31866731C
29;74.0;172.5;HOMBRE;VALENCIA;29977063Q
30;86.3;182.3;HOMBRE;VALENCIA;14773825D
27;77.6;173.0;HOMBRE;VALENCIA;23535013C
25;90.5;182.5;HOMBRE;VALENCIA;14644984C
25;76.0;170.0;HOMBRE;VALENCIA;89115082R
32;72.0;167.5;HOMBRE;VALENCIA;24436900N
26;88.8;182.0;HOMBRE;VALENCIA;78893696W
34;87.0;180.0;HOMBRE;VALENCIA;40713813U
30;79.3;171.0;HOMBRE;VALENCIA;75457936H
26;79.4;173.5;HOMBRE;VALENCIA;22332497Y
33;79.5;172.5;HOMBRE;VALENCIA;55058111B
27;74.0;165.5;HOMBRE;VALENCIA;38738251V
25;89.1;182.0;HOMBRE;VALENCIA;73654162T
34;75.9;167.5;HOMBRE;VALENCIA;45180301N
27;87.9;177.3;HOMBRE;VALENCIA;26756038D
28;74.2;161.5;HOMBRE;VALENCIA;71206183G
25;84.0;175.0;HOMBRE;VALENCIA;33928187P
28;78.9;170.0;HOMBRE;VALENCIA;72752275V
34;81.6;164.5;HOMBRE;VALENCIA;80096212E
33;91.6;169.5;HOMBRE;VALENCIA;36676795G
29;129.0;185.0;HOMBRE;VALENCIA;45480930T
32;63.5;160.0;MUJER;VALENCIA;79151378M
32;68.8;154.8;MUJER;VALENCIA;38867092P
31;55.2;165.0;MUJER;VALENCIA;20271041L
31;97.0;159.0;MUJER;VALENCIA;29547593P
30;51.6;167.0;MUJER;VALENCIA;39640138G
29;52.5;165.0;MUJER;VALENCIA;70991448W
32;52.6;167.0;MUJER;VALENCIA;56260627L
28;50.3;160.5;MUJER;VALENCIA;48444273G
33;52.9;161.0;MUJER;VALENCIA;38781198J
26;55.1;165.5;MUJER;VALENCIA;53297284I
32;49.7;155.5;MUJER;VALENCIA;29934116B
28;52.5;162.5;MUJER;VALENCIA;27743819K
26;52.5;167.0;MUJER;VALENCIA;30750109B
31;51.3;159.0;MUJER;VALENCIA;21945974T
28;51.4;160.0;MUJER;VALENCIA;21860080J
25;49.2;153.5;MUJER;VALENCIA;75414989M
26;53.4;165.0;MUJER;VALENCIA;64034034A
29;51.8;156.0;MUJER;VALENCIA;15289189E
32;44.8;151.0;MUJER;VALENCIA;17178857W
26;53.5;159.5;MUJER;VALENCIA;85035117H
29;54.3;159.8;MUJER;VALENCIA;70776713H
31;54.0;162.5;MUJER;VALENCIA;74169526T
27;62.6;166.5;MUJER;VALENCIA;71420918V
26;51.6;159.0;MUJER;VALENCIA;20228094J
29;53.0;160.0;MUJER;VALENCIA;48401326R
27;58.3;165.0;MUJER;VALENCIA;41615700J
28;55.9;151.7;MUJER;VALENCIA;71163236T
28;57.2;161.0;MUJER;VALENCIA;16448758A
26;61.0;168.5;MUJER;VALENCIA;45008513Y
25;63.7;170.0;MUJER;VALENCIA;36419113B
28;59.1;164.0;MUJER;VALENCIA;49131425S
27;67.2;173.2;MUJER;VALENCIA;56088839D
32;57.4;160.0;MUJER;VALENCIA;19626836F
25;60.8;158.5;MUJER;VALENCIA;36547954E
32;48.5;148.5;MUJER;VALENCIA;37449841R
33;59.0;161.0;MUJER;VALENCIA;85894057L
27;63.5;163.5;MUJER;ALICANTE;39726032N
33;62.9;163.0;MUJER;VALENCIA;38480569Q
25;68.5;169.5;MUJER;VALENCIA;62101419O
30;58.9;161.0;MUJER;VALENCIA;63690458D
27;60.8;162.0;MUJER;VALENCIA;64205822G
28;56.0;155.5;MUJER;VALENCIA;31437261E
28;58.4;160.0;MUJER;VALENCIA;86795944D
28;63.3;163.0;MUJER;VALENCIA;59438705S
30;64.3;163.0;MUJER;VALENCIA;55702316P
25;62.9;162.0;MUJER;VALENCIA;75200254E
31;66.0;165.0;MUJER;VALENCIA;18209585O
31;64.4;163.0;MUJER;VALENCIA;67255059J
31;67.0;164.0;MUJER;VALENCIA;21817133K
27;59.9;155.0;MUJER;VALENCIA;89974022T
34;60.8;153.3;MUJER;VALENCIA;61586055E
25;61.4;156.0;MUJER;VALENCIA;63518670G
27;57.7;152.8;MUJER;VALENCIA;35817855J
33;61.0;150.0;MUJER;VALENCIA;31694943Z
32;68.1;159.0;MUJER;VALENCIA;30062957R
32;73.6;167.5;MUJER;VALENCIA;53855595X
31;69.2;150.0;MUJER;VALENCIA;52610132E
34;57.0;147.5;MUJER;VALENCIA;45652718C
31;75.0;160.0;MUJER;VALENCIA;65150656Q
41;67.1;162.0;HOMBRE;ALICANTE;16491705Q
40;56.2;150.5;HOMBRE;VALENCIA;40284343R
38;71.9;173.5;HOMBRE;VALENCIA;43376527O
35;;;HOMBRE;VALENCIA;16234023C
40;63.9;170.0;HOMBRE;VALENCIA;88427930M
39;52.6;158.0;HOMBRE;VALENCIA;14043726X
37;54.0;169.0;HOMBRE;VALENCIA;78292438J
37;57.7;165.0;HOMBRE;VALENCIA;27700872E
37;61.2;168.0;HOMBRE;VALENCIA;31909678D
37;80.3;193.0;HOMBRE;VALENCIA;35431332R
41;66.5;166.5;HOMBRE;VALENCIA;54843376Y
38;66.4;168.0;HOMBRE;VALENCIA;41443912J
44;56.0;160.5;HOMBRE;VALENCIA;83274290W
41;60.9;165.0;HOMBRE;VALENCIA;74684890X
38;66.5;174.5;HOMBRE;VALENCIA;34142922T
35;66.3;172.0;HOMBRE;VALENCIA;76402770N
46;57.9;163.0;HOMBRE;VALENCIA;57849666P
35;68.4;172.5;HOMBRE;VALENCIA;24651635D
41;74.4;175.5;HOMBRE;VALENCIA;83918495A
44;70.9;175.5;HOMBRE;VALENCIA;21172928P
35;81.9;186.5;HOMBRE;VALENCIA;86323527A
38;62.9;167.0;HOMBRE;VALENCIA;70218402Q
43;71.2;172.5;HOMBRE;VALENCIA;69187674I
49;79.7;167.0;HOMBRE;VALENCIA;29118123J
48;66.8;165.0;HOMBRE;VALENCIA;56861885L
47;67.8;167.0;HOMBRE;VALENCIA;17951903V
38;78.5;180.0;HOMBRE;VALENCIA;28388024A
45;81.7;178.5;HOMBRE;VALENCIA;18682002K
45;80.2;180.2;HOMBRE;VALENCIA;20185147I
38;85.0;180.0;HOMBRE;VALENCIA;14559090D
37;71.8;167.0;HOMBRE;VALENCIA;62874465U
39;74.8;175.0;HOMBRE;VALENCIA;19154419J
39;72.4;166.0;HOMBRE;VALENCIA;37750470H
36;70.0;164.5;HOMBRE;VALENCIA;21903027K
35;68.9;163.5;HOMBRE;VALENCIA;34228816B
44;77.8;171.5;HOMBRE;VALENCIA;57463143Y
35;74.0;172.0;HOMBRE;VALENCIA;84219124L
47;76.6;168.5;HOMBRE;VALENCIA;33412823Q
41;73.4;167.5;HOMBRE;VALENCIA;48358379M
37;83.4;178.0;HOMBRE;VALENCIA;13657203S
37;69.2;168.5;HOMBRE;VALENCIA;52008874Z
48;74.0;161.2;HOMBRE;VALENCIA;62659730A
35;73.6;166.0;HOMBRE;VALENCIA;49217319B
42;76.1;164.5;HOMBRE;VALENCIA;46597552T
40;87.1;181.0;HOMBRE;VALENCIA;71077342E
39;76.5;170.0;HOMBRE;ALICANTE;68543469A
38;91.3;180.0;HOMBRE;VALENCIA;67426847V
49;91.2;180.0;HOMBRE;VALENCIA;27614978P
47;80.2;171.0;HOMBRE;VALENCIA;73267639M
37;82.0;170.0;HOMBRE;VALENCIA;74899625K
38;78.9;165.0;HOMBRE;VALENCIA;48659008F
48;81.8;166.5;HOMBRE;VALENCIA;65880755E
47;82.8;170.0;HOMBRE;VALENCIA;12884157H
40;87.3;175.0;HOMBRE;VALENCIA;86194686V
47;88.3;175.0;HOMBRE;VALENCIA;51064040J
47;88.0;175.5;HOMBRE;VALENCIA;88986241I
42;102.2;190.0;HOMBRE;VALENCIA;60898903M
38;80.2;167.0;HOMBRE;VALENCIA;60555327C
43;91.3;178.0;HOMBRE;VALENCIA;32253254D
35;80.0;165.0;HOMBRE;VALENCIA;56303574O
37;89.6;171.0;HOMBRE;VALENCIA;45609771F
48;78.7;171.5;HOMBRE;VALENCIA;78335385J
42;97.4;175.0;HOMBRE;VALENCIA;60211751J
45;78.2;163.0;HOMBRE;VALENCIA;52867814M
37;87.0;170.0;HOMBRE;VALENCIA;17737168N
45;90.0;168.5;HOMBRE;VALENCIA;60082910U
46;79.6;167.0;HOMBRE;VALENCIA;84863329V
47;105.4;173.0;HOMBRE;VALENCIA;53125496I
49;69.6;161.5;MUJER;VALENCIA;72193964E
36;69.7;160.0;MUJER;VALENCIA;24608688I
42;86.5;161.5;MUJER;VALENCIA;69488303H
49;58.3;150.5;MUJER;VALENCIA;89630446L
45;58.6;150.0;MUJER;VALENCIA;29891169R
43;58.6;151.5;MUJER;VALENCIA;18467267I
45;59.4;158.5;MUJER;VALENCIA;43419474A
39;58.0;154.5;MUJER;VALENCIA;38308781N
48;68.3;148.0;MUJER;VALENCIA;77948862O
47;54.3;154.5;MUJER;VALENCIA;82544191H
35;49.4;162.5;MUJER;VALENCIA;77648233Z
38;52.0;158.0;MUJER;VALENCIA;25682363C
41;50.8;155.0;MUJER;VALENCIA;41744541E
44;48.2;150.0;MUJER;VALENCIA;34658286V
42;55.0;157.0;MUJER;VALENCIA;51794139K
38;50.9;155.0;MUJER;VALENCIA;42131064X
36;56.3;158.5;MUJER;VALENCIA;61027744S
45;50.2;154.2;MUJER;VALENCIA;81427569M
43;59.5;161.0;MUJER;VALENCIA;26197727M
39;53.8;150.0;MUJER;VALENCIA;50290994X
43;50.0;150.5;MUJER;VALENCIA;32553883L
35;53.7;150.0;MUJER;VALENCIA;68629363F
46;47.9;149.0;MUJER;VALENCIA;71120289M
36;61.0;164.0;MUJER;VALENCIA;16062235T
40;59.5;159.5;MUJER;VALENCIA;53554966K
37;64.8;170.0;MUJER;VALENCIA;59309864Z
39;51.9;153.5;MUJER;VALENCIA;78034756E
39;57.1;158.0;MUJER;VALENCIA;24351006C
35;70.6;168.0;MUJER;VALENCIA;36290272O
35;61.0;160.5;MUJER;VALENCIA;65494232O
47;60.0;162.0;MUJER;VALENCIA;30148851I
38;60.8;162.5;MUJER;VALENCIA;72537540D
38;57.4;155.0;MUJER;VALENCIA;79452007P
44;64.9;162.5;MUJER;VALENCIA;46468711Y
36;66.4;165.4;MUJER;VALENCIA;79666742G
39;58.0;158.0;MUJER;VALENCIA;47456492O
39;67.5;166.0;MUJER;ALICANTE;55530528X
37;63.5;160.5;MUJER;VALENCIA;63776352I
37;67.4;171.5;MUJER;VALENCIA;21258822F
43;65.3;160.5;MUJER;VALENCIA;31394314C
40;65.7;165.0;MUJER;VALENCIA;88084354F
36;58.3;154.0;MUJER;VALENCIA;15890447B
39;56.2;151.5;MUJER;VALENCIA;34873021S
46;55.3;152.5;MUJER;VALENCIA;35001862R
38;64.3;158.0;MUJER;VALENCIA;83703760B
42;66.3;158.0;MUJER;VALENCIA;35517226B
40;67.8;160.0;MUJER;VALENCIA;84777435D
44;64.1;157.0;MUJER;VALENCIA;37836364U
36;65.5;158.5;MUJER;VALENCIA;79194325N
45;72.0;166.0;MUJER;VALENCIA;47198810Z
41;69.0;162.0;MUJER;VALENCIA;31351367W
44;56.9;150.0;MUJER;VALENCIA;88814453F
43;74.6;168.9;MUJER;VALENCIA;57334302V
44;67.5;164.0;MUJER;VALENCIA;74513102V
39;71.5;163.0;MUJER;VALENCIA;79795583J
36;62.6;157.0;MUJER;VALENCIA;88943294I
45;68.8;154.0;MUJER;VALENCIA;37020371X
46;60.0;148.5;MUJER;VALENCIA;32725671Z
42;70.5;162.0;MUJER;VALENCIA;38222887G
36;73.0;165.0;MUJER;VALENCIA;44235467I
48;70.3;162.5;MUJER;VALENCIA;44321361K
45;70.7;156.0;MUJER;VALENCIA;56131786J
40;70.9;157.8;MUJER;VALENCIA;39554244V
38;77.0;165.0;MUJER;VALENCIA;19025578C
46;66.4;152.5;MUJER;VALENCIA;36505007W
43;66.0;155.0;MUJER;VALENCIA;63475723I
36;60.5;148.0;MUJER;VALENCIA;59739334C
44;72.3;156.0;MUJER;VALENCIA;54070330O
39;79.7;160.5;MUJER;VALENCIA;23320278I
36;91.2;170.0;MUJER;VALENCIA;43548315I
49;92.4;169.0;MUJER;VALENCIA;42732322D
49;90.0;170.0;MUJER;VALENCIA;68887045S
42;86.8;163.0;MUJER;VALENCIA;27486137C
48;94.0;167.0;MUJER;VALENCIA;43591262M
43;58.3;162.0;MUJER;VALENCIA;47069969W
61;91.4;160.0;HOMBRE;VALENCIA;66653801T
62;85.2;180.0;HOMBRE;VALENCIA;67126218M
53;;;HOMBRE;VALENCIA;35044809J
64;85.7;171.5;HOMBRE;VALENCIA;25081105I
51;80.0;170.0;HOMBRE;VALENCIA;84992170Q
57;71.9;168.0;HOMBRE;VALENCIA;29418752Y
53;67.0;172.0;HOMBRE;VALENCIA;14816772N
61;73.4;166.2;HOMBRE;VALENCIA;69230621X
55;65.6;162.0;HOMBRE;VALENCIA;19283260E
57;66.5;156.0;HOMBRE;VALENCIA;23105543T
62;47.4;162.4;HOMBRE;VALENCIA;86022898Y
61;72.6;176.0;HOMBRE;VALENCIA;19583889N
63;56.1;160.0;HOMBRE;VALENCIA;19497995M
52;53.2;169.0;HOMBRE;VALENCIA;33670505P
62;72.9;177.0;HOMBRE;VALENCIA;19927465V
52;78.0;176.0;HOMBRE;VALENCIA;89544552C
63;57.7;160.0;HOMBRE;VALENCIA;62359101X
55;67.6;171.0;HOMBRE;VALENCIA;73611215P
60;65.0;162.0;HOMBRE;VALENCIA;36118484T
63;72.9;166.0;HOMBRE;VALENCIA;52223609P
63;65.1;164.0;HOMBRE;VALENCIA;15546871P
58;76.5;171.0;HOMBRE;VALENCIA;48744902S
53;67.1;159.5;HOMBRE;VALENCIA;26154780Y
61;79.0;169.5;HOMBRE;VALENCIA;69745985J
59;67.8;166.0;HOMBRE;VALENCIA;46984075X
58;79.2;174.5;HOMBRE;VALENCIA;25510575S
53;75.0;166.0;HOMBRE;VALENCIA;45695665I
59;91.8;171.0;HOMBRE;VALENCIA;45738612N
52;81.9;181.0;HOMBRE;VALENCIA;13399521V
59;72.6;167.5;HOMBRE;VALENCIA;15460977G
53;72.3;160.0;HOMBRE;VALENCIA;31179579F
56;80.2;174.2;HOMBRE;VALENCIA;20013359D
60;73.4;162.0;HOMBRE;VALENCIA;55015164X
55;83.9;175.1;HOMBRE;VALENCIA;46640499D
57;80.0;175.5;HOMBRE;VALENCIA;50248047X
62;82.0;162.0;HOMBRE;VALENCIA;45051460N
51;78.8;166.5;HOMBRE;VALENCIA;30836003W
52;79.2;161.0;HOMBRE;VALENCIA;35903749F
52;80.8;163.5;HOMBRE;VALENCIA;57119567D
54;87.9;171.0;HOMBRE;VALENCIA;30793056J
62;84.5;163.5;HOMBRE;VALENCIA;18080744K
60;82.1;165.8;HOMBRE;VALENCIA;63303935M
62;85.8;168.0;HOMBRE;VALENCIA;30105904F
62;96.2;175.0;HOMBRE;VALENCIA;41572753K
59;91.4;174.0;HOMBRE;VALENCIA;56518309L
63;76.3;162.0;HOMBRE;VALENCIA;23062596G
52;83.6;167.5;HOMBRE;VALENCIA;65794861Q
59;105.0;180.5;HOMBRE;VALENCIA;36891530T
61;81.2;164.0;HOMBRE;VALENCIA;19326207K
61;92.0;172.0;HOMBRE;VALENCIA;87225414H
50;90.5;170.0;HOMBRE;VALENCIA;55917051L
57;83.5;164.0;HOMBRE;ALICANTE;39940767L
60;80.2;160.0;HOMBRE;VALENCIA;51880033Y
53;92.3;167.5;HOMBRE;VALENCIA;57634931N
50;69.8;153.5;MUJER;ALICANTE;28302130T
62;58.8;152.0;MUJER;VALENCIA;18252532Y
55;77.6;156.0;MUJER;VALENCIA;28130342L
55;56.0;145.0;MUJER;VALENCIA;42990004Z
59;79.0;157.5;MUJER;VALENCIA;68758204C
53;78.0;160.0;MUJER;VALENCIA;21387663X
64;64.0;154.0;MUJER;ALICANTE;37922258Q
53;;;MUJER;ALICANTE;35731961A
61;73.5;161.0;MUJER;VALENCIA;47542386X
54;63.5;162.2;MUJER;VALENCIA;87826672P
64;66.7;153.0;MUJER;VALENCIA;51922980H
57;60.8;157.0;MUJER;VALENCIA;54929270Z
52;56.6;148.5;MUJER;VALENCIA;48143644G
61;70.3;151.5;MUJER;VALENCIA;30878950A
50;59.9;160.8;MUJER;VALENCIA;53039602E
62;60.1;140.0;MUJER;VALENCIA;53769701X
52;73.8;150.0;MUJER;VALENCIA;39296562B
61;63.0;152.0;MUJER;VALENCIA;14473196X
58;82.2;163.0;MUJER;VALENCIA;34057028J
61;70.6;152.8;MUJER;VALENCIA;81083993E
56;57.2;156.5;MUJER;VALENCIA;46339870M
50;63.9;161.2;MUJER;VALENCIA;74985519G
59;61.7;163.5;MUJER;VALENCIA;39210668A
53;63.5;162.0;MUJER;VALENCIA;46855234I
60;58.3;156.2;MUJER;VALENCIA;70519031L
53;59.0;160.5;MUJER;VALENCIA;37621629T
60;53.6;151.0;MUJER;VALENCIA;14344355N
50;56.7;151.5;MUJER;VALENCIA;62831518K
55;63.6;164.0;MUJER;VALENCIA;12927104A
57;59.0;150.0;MUJER;VALENCIA;66224331H
51;56.8;152.5;MUJER;VALENCIA;86710050C
52;61.1;158.0;MUJER;VALENCIA;18724949M
58;55.0;151.0;MUJER;VALENCIA;49045531L
54;66.8;161.5;MUJER;VALENCIA;84691541L
51;58.7;152.0;MUJER;VALENCIA;31995572T
51;66.2;157.5;MUJER;VALENCIA;87912566Q
60;73.5;153.1;MUJER;VALENCIA;52567185D
52;65.0;157.0;MUJER;VALENCIA;75586777U
53;69.5;165.0;MUJER;VALENCIA;61113638U
63;68.3;160.0;MUJER;VALENCIA;36247325S
56;78.6;154.0;MUJER;VALENCIA;32167360H
58;69.5;168.0;MUJER;VALENCIA;79881477E
50;77.9;163.0;MUJER;VALENCIA;85121011X
59;61.9;145.0;MUJER;VALENCIA;65580126E
63;70.1;157.0;MUJER;VALENCIA;18896737B
63;72.0;151.5;MUJER;VALENCIA;89072135J
54;74.4;160.0;MUJER;VALENCIA;15418030J
56;75.6;156.5;MUJER;VALENCIA;82501244L
53;67.2;153.5;MUJER;VALENCIA;61199532W
55;71.0;156.0;MUJER;VALENCIA;84949223H
61;72.8;158.0;MUJER;VALENCIA;88384983O
63;75.0;152.0;MUJER;VALENCIA;59266917Z
64;63.4;147.0;MUJER;VALENCIA;85078064T
58;76.4;153.5;MUJER;VALENCIA;48272485B
61;71.9;144.5;MUJER;VALENCIA;61714896K
56;87.4;165.0;MUJER;VALENCIA;40155502L
64;90.0;165.0;MUJER;VALENCIA;31308420A
63;70.5;145.0;MUJER;VALENCIA;86237633F
55;81.3;152.0;MUJER;VALENCIA;18639055Z
52;82.5;143.1;MUJER;VALENCIA;48830796O
58;87.7;151.0;MUJER;VALENCIA;14430249Q
57;96.8;151.5;MUJER;VALENCIA;22547232O
78;;;HOMBRE;VALENCIA;19841571S
73;54.8;150.0;HOMBRE;VALENCIA;72924063I
74;65.2;151.8;HOMBRE;VALENCIA;24565741E
75;119.8;170.4;HOMBRE;VALENCIA;48787849J
67;59.3;169.2;HOMBRE;VALENCIA;37793417R
67;58.3;170.0;HOMBRE;VALENCIA;87568990Z
65;60.9;171.0;HOMBRE;VALENCIA;43677156L
71;60.2;157.0;HOMBRE;VALENCIA;12282899D
65;64.1;167.0;HOMBRE;VALENCIA;56389468C
67;69.7;174.5;HOMBRE;VALENCIA;21430610H
70;55.1;157.5;HOMBRE;VALENCIA;38995933N
81;60.3;163.1;HOMBRE;VALENCIA;43720103K
73;70.2;171.0;HOMBRE;VALENCIA;64420557J
81;64.1;159.5;HOMBRE;VALENCIA;54027383J
70;72.5;175.0;HOMBRE;VALENCIA;31651996I
69;80.9;169.0;HOMBRE;VALENCIA;23019649F
78;69.1;159.0;HOMBRE;VALENCIA;61285426P
74;78.6;176.0;HOMBRE;VALENCIA;53469072V
69;65.6;165.0;HOMBRE;VALENCIA;72022176X
77;70.0;164.0;HOMBRE;VALENCIA;37278053P
67;84.0;177.5;HOMBRE;VALENCIA;43805997S
67;77.9;168.0;HOMBRE;VALENCIA;38523516B
65;76.3;169.0;HOMBRE;VALENCIA;86366474B
72;88.1;182.1;HOMBRE;VALENCIA;52481291O
68;80.9;170.5;HOMBRE;VALENCIA;69831879M
68;68.0;170.0;HOMBRE;VALENCIA;22031868N
69;70.0;159.5;HOMBRE;VALENCIA;59653440L
78;74.0;163.0;HOMBRE;VALENCIA;43848944Y
72;83.0;170.0;HOMBRE;VALENCIA;29461699S
65;82.0;169.0;HOMBRE;VALENCIA;68844098V
65;80.0;165.0;HOMBRE;VALENCIA;64592345Y
73;86.8;169.0;HOMBRE;VALENCIA;81814092U
69;78.5;163.0;HOMBRE;VALENCIA;66439066Y
71;71.5;151.5;HOMBRE;VALENCIA;46125135J
76;91.1;172.0;HOMBRE;VALENCIA;53211390W
74;77.3;163.0;HOMBRE;VALENCIA;51235828K
74;72.5;160.5;HOMBRE;VALENCIA;13055945O
71;85.0;160.3;HOMBRE;VALENCIA;48701955J
69;93.0;169.5;HOMBRE;VALENCIA;75672671R
74;87.2;168.0;HOMBRE;VALENCIA;64248769F
65;117.2;171.0;HOMBRE;VALENCIA;46554605Q
80;73.4;140.0;MUJER;VALENCIA;77734127V
65;63.4;146.0;MUJER;VALENCIA;31737890V
68;70.9;152.5;MUJER;VALENCIA;89029188Z
79;59.2;153.0;MUJER;VALENCIA;82673032O
67;75.2;150.5;MUJER;VALENCIA;89200976H
67;76.2;155.0;MUJER;VALENCIA;81728198X
77;66.6;152.5;MUJER;VALENCIA;88900347H
76;47.2;151.0;MUJER;VALENCIA;72881116R
77;65.0;150.0;MUJER;VALENCIA;88642665M
77;64.4;150.5;MUJER;VALENCIA;63862246D
69;115.4;166.5;MUJER;VALENCIA;56561256B
71;70.5;162.5;MUJER;VALENCIA;25338787S
65;60.4;156.0;MUJER;VALENCIA;69788932O
79;79.5;155.0;MUJER;VALENCIA;66009596E
72;66.3;150.5;MUJER;VALENCIA;38094046N
69;66.1;158.5;MUJER;VALENCIA;73224692G
70;57.3;145.5;MUJER;VALENCIA;18982631F
75;75.6;150.0;MUJER;VALENCIA;36590901D
65;66.5;148.5;MUJER;VALENCIA;16706440U
69;70.3;148.5;MUJER;VALENCIA;28087395G
71;65.4;151.0;MUJER;VALENCIA;80955152A
80;65.1;145.1;MUJER;VALENCIA;59825228C
67;83.6;152.0;MUJER;VALENCIA;89845181E
69;55.6;152.8;MUJER;VALENCIA;60598274I
79;67.1;155.0;MUJER;VALENCIA;85378693M
77;48.3;141.5;MUJER;VALENCIA;88170248J
68;63.9;145.0;MUJER;VALENCIA;74126579V
84;67.7;154.0;MUJER;VALENCIA;43118845B
65;91.5;153.5;MUJER;VALENCIA;48057750H
66;56.3;146.0;MUJER;VALENCIA;47843015U
82;51.0;148.0;MUJER;VALENCIA;81556410H
70;50.1;150.1;MUJER;VALENCIA;67641582Z
70;56.8;145.0;MUJER;VALENCIA;60984797N
67;65.8;152.0;MUJER;VALENCIA;48014803L
85;47.6;143.2;MUJER;VALENCIA;79924424K
85;89.0;144.0;MUJER;VALENCIA;85808163X
74;64.0;151.2;MUJER;VALENCIA;65751914B
85;59.0;143.0;MUJER;VALENCIA;49646789O
71;43.1;161.0;MUJER;VALENCIA;62015525H
71;57.0;157.0;MUJER;VALENCIA;39167721S
75;55.3;164.5;MUJER;VALENCIA;27314349J
68;50.2;148.5;MUJER;VALENCIA;67856317C
72;64.0;154.0;MUJER;VALENCIA;72623434K
74;59.5;148.5;MUJER;VALENCIA;29246964M
72;57.6;154.0;MUJER;VALENCIA;59052182P
67;64.6;159.0;MUJER;VALENCIA;44836725J
67;58.5;153.0;MUJER;VALENCIA;30964844R
66;57.5;150.0;MUJER;VALENCIA;15761606K
72;63.7;159.0;MUJER;VALENCIA;41486859H
71;57.6;153.5;MUJER;VALENCIA;74298367N
81;62.5;148.0;MUJER;VALENCIA;34529445G
71;70.1;152.5;MUJER;VALENCIA;33498717W
80;71.5;163.1;MUJER;VALENCIA;78593067S
70;60.0;148.0;MUJER;VALENCIA;58450924V
65;80.0;167.0;MUJER;VALENCIA;50376888C
66;61.2;151.0;MUJER;VALENCIA;72236911K
72;57.3;150.1;MUJER;VALENCIA;76832240B
73;71.1;162.5;MUJER;VALENCIA;56690097M
65;64.0;151.5;MUJER;VALENCIA;86881838N
69;80.5;166.5;MUJER;VALENCIA;44364308O
76;80.0;169.0;MUJER;VALENCIA;16319917G
82;60.3;142.5;MUJER;VALENCIA;25124052I
80;58.0;156.0;MUJER;VALENCIA;82844820E
70;71.2;155.0;MUJER;VALENCIA;84562700X
70;69.0;153.0;MUJER;VALENCIA;26455409C
66;64.2;149.5;MUJER;ALICANTE;77046975K
71;80.2;157.0;MUJER;VALENCIA;22761967H
81;68.3;150.0;MUJER;VALENCIA;20958193X
86;66.5;154.5;MUJER;VALENCIA;71249130S
67;74.1;150.0;MUJER;VALENCIA;76531611O
72;86.4;149.0;MUJER;VALENCIA;84433859K